Inverse-Dynamic-MSE,Valid-InvDyn-MSE,Disc CE Loss,Disc Acc,Grad Pen,Grad Pen W,Disc Rew Mean,Disc Rew Std,Disc Rew Max,Disc Rew Min,Total Rew Mean,Total Rew Std,Total Rew Max,Total Rew Min,Test Rewards Mean,Test Rewards Std,Test Rewards Max,Test Rewards Min,Test Returns Mean,Test Returns Std,Test Returns Max,Test Returns Min,Test Actions Mean,Test Actions Std,Test Actions Max,Test Actions Min,Test Ep. Len. Mean,Test Ep. Len. Std,Test Ep. Len. Max,Test Ep. Len. Min,Num Paths,Test Pred_Real_MSE,Exploration Rewards Mean,Exploration Rewards Std,Exploration Rewards Max,Exploration Rewards Min,Exploration Returns Mean,Exploration Returns Std,Exploration Returns Max,Exploration Returns Min,Exploration Actions Mean,Exploration Actions Std,Exploration Actions Max,Exploration Actions Min,Exploration Ep. Len. Mean,Exploration Ep. Len. Std,Exploration Ep. Len. Max,Exploration Ep. Len. Min,AverageReturn,Number of train calls total,Number of env steps total,Number of rollouts total,Train Time (s),(Previous) Eval Time (s),Sample Time (s),Epoch Time (s),Total Train Time (s),Epoch
0.1895659,0.21241058,0.737705,0.31445312,0.85846925,4.0,-8.476319,2.5072727,-0.18754815,-10.000046,1.5237021,2.5072598,9.812452,0.0,1.9449033051571019,0.4463413982882199,2.6363269792328143,1.0054200579762949,156.46358109327855,3.415260451095056,162.61270874877397,147.87576620698593,0.13898116,0.75541854,0.9999828,-0.98740643,80.448,1.4167907396648245,83,77,10,2.4089904524673336,1.139258633992503,1.1932903746181438,7.07264115692428,-4.4694968056800874,1139.2586339925026,99.93077781621241,1221.2220405670205,943.1414572577337,0.22215752,0.87873244,1.0,-1.0,1000.0,0.0,1000,1000,156.46358109327855,10,10000,15,109.47879295800158,0,14.013458212997648,123.49225117099922,129.54261240300002,0
0.28018793,0.35118872,0.034002032,0.984375,0.11769532,4.0,-8.757877,2.5078762,-0.32496905,-10.000046,1.2421522,2.5078616,9.675031,0.0,2.326851351571176,0.6849672565678228,4.23590184674889,1.0096849988797074,371.8899406185741,20.64286078140819,417.07906158239604,258.2066526527889,0.24573755,0.8075439,0.9999792,-0.99938667,159.82539682539684,8.839916114195976,184,135,10,2.270975991174732,1.2483581975139613,0.9627611352282238,5.871197985294612,-3.625899961182913,1248.3581975139616,304.1658779860639,1652.864683105189,742.1078319050503,-0.13863319,0.9243112,1.0,-1.0,1000.0,0.0,1000,1000,371.8899406185741,20,20000,25,107.87589480799943,6.05978041599883,14.091022469001473,128.02669769299973,257.5278397029997,1
0.12482228,0.29205784,0.0272372,0.9941406,0.21538976,4.0,-8.113198,2.958533,-0.271097,-10.000046,1.8868221,2.9585202,9.728903,0.0,1.2555548174498643,0.4689949688830382,3.403872134447668,0.17420728316483344,147.9191287287405,60.80872706819183,374.25278764516554,102.63774026195308,0.42153367,0.7571464,0.999978,-0.99997574,117.81176470588235,28.011549768180004,223,93,10,16.519040489264363,1.4381944372466073,1.3620711766723226,7.499676392289745,-4.873003065370012,1438.1944372466073,403.83557110810113,2458.8334102811946,1149.736768298688,0.054432943,0.89664537,1.0,-1.0,1000.0,0.0,1000,1000,147.9191287287405,30,30000,35,111.25051871199867,6.020405961000506,13.96425091799756,131.23517559099673,388.5680139209999,2
0.19806659,0.2857017,0.03530734,0.9921875,0.15744716,4.0,-7.7699995,2.9676116,-0.2368611,-10.000046,2.2300158,2.9675996,9.763139,0.0,2.805426758287298,0.7734050580986551,6.163876416760573,0.8506225407518423,1155.274739062709,197.87103281595446,1589.6524718578214,851.6420491918157,0.09287576,0.83593464,1.0,-1.0,411.8,66.74249021425557,553,316,10,5.450269178862879,1.6211658916332854,1.3971615619635083,8.963689770013328,-3.6859261287448284,1621.1658916332851,277.6988927806059,1969.6639369689447,940.4608133865721,-0.006935034,0.91427314,1.0,-1.0,1000.0,0.0,1000,1000,1155.274739062709,40,40000,45,124.8237470109998,5.826308212001095,14.590984506996392,145.24103972999728,534.3830715669956,3
0.17999135,0.293656,0.08360208,0.96875,0.07546432,4.0,-7.2683606,3.270205,-0.114179,-10.000046,2.7316563,3.2701907,9.885821,0.0,2.260912125905668,0.6079275916461274,4.518962510755112,0.9231254266769102,422.6230925720706,16.163192130961036,461.71977291583954,390.0709672861914,0.026089283,0.8632872,1.0,-1.0,186.92592592592592,8.105443648268352,202,171,10,11.44247231432656,1.3847063151119146,1.0465475895049456,5.571193202859599,-2.584297230612632,1384.7063151119153,188.94736930553282,1703.0253614540095,1144.2523046764938,-0.085890986,0.89645433,1.0,-1.0,1000.0,0.0,1000,1000,422.6230925720706,50,50000,55,125.76486665300035,6.395900984000036,14.694773113002157,146.85554075000255,681.4010064429949,4
0.22386119,0.24481982,0.07186441,0.9785156,0.036690146,4.0,-5.717746,3.1369467,-0.093174726,-10.000046,4.2822566,3.1369433,9.906825,0.0,2.534254249956112,0.6813348647371827,5.1226120314455725,1.0081848456827023,1282.3326504777929,342.0819538888388,2355.6609250291217,992.271779672526,0.03283341,0.874977,1.0,-1.0,506.0,147.96181939946536,1000,384,10,6.9095993598445595,1.9607881150294488,1.1423699642084728,6.7172717393947705,-4.068373886927516,1960.7881150294493,356.0335228393765,2555.0985605543783,1457.731251009851,-0.019444523,0.88902724,1.0,-1.0,1000.0,0.0,1000,1000,1282.3326504777929,60,60000,65,125.4737929369985,6.564092336999238,14.450376876999144,146.4882621509969,827.781794480994,5
0.15025192,0.21189874,0.10219802,0.9824219,0.0060933745,4.0,-4.559759,3.1479554,-0.34773546,-10.000046,5.4402437,3.1479497,9.652265,0.0,2.0455206594379858,0.5451305942014731,4.936397848680718,0.969162600171171,981.4602935474832,239.60803643971252,1835.1665353213596,780.0079456054323,-0.023196079,0.87528765,1.0,-1.0,479.8095238095238,104.65618041842174,847,412,10,9.334107946696305,2.043235980147448,1.1112858114419126,5.233063639301237,-4.393488592621815,2043.2359801474481,300.75147193291514,2504.479268229551,1526.58456758931,-0.034760345,0.8916426,1.0,-1.0,1000.0,0.0,1000,1000,981.4602935474832,70,70000,75,133.3015452330019,6.451217425001232,14.400920682004653,154.15368334000777,981.9140367440014,6
0.10999888,0.18447402,0.13618658,0.9863281,0.01795208,4.0,-3.7555518,2.9161594,-0.3010428,-10.000046,6.2444506,2.9161549,9.698957,0.0,2.7872936036822638,0.6973863648483751,4.679549529841216,0.9603808003720828,1990.685091749873,555.8753556369777,3023.5775729019747,1040.0186217804203,0.10304248,0.8235803,0.9999975,-0.9999975,714.2,182.80598093789675,1000,395,10,4.6938201785904425,2.02776379374005,0.9656043458810938,7.154620589265808,-3.7802575578434414,2027.76379374005,261.45961855036126,2474.250988107871,1753.793829581857,0.04742461,0.8902354,1.0,-1.0,1000.0,0.0,1000,1000,1990.685091749873,80,80000,85,127.81913208699552,6.4365691210005025,14.442060008997942,148.69776121699397,1131.113519069997,7
0.14270703,0.18274526,0.16197085,0.96484375,0.022243924,4.0,-3.357542,2.5147667,-0.16146553,-10.000046,6.642459,2.5147638,9.838534,0.0,2.056558493950698,0.28945823945503013,3.49970091578858,0.9794378891867301,2056.558493950698,74.5826696642776,2144.0588295603616,1942.022242718166,0.025727065,0.89243287,0.9999995,-0.99999994,1000.0,0.0,1000,1000,10,7.282940870017328,2.257721339331739,0.940603385866512,4.882169722173085,-3.9086455139814054,2257.721339331738,260.6694732475367,2798.533705113667,1815.21257098549,0.015779957,0.8837623,1.0,-1.0,1000.0,0.0,1000,1000,2056.558493950698,90,90000,95,122.26709762100108,6.932742082999539,15.31444089300021,144.51428059700083,1275.7600376669998,8
0.10776711,0.15422559,0.15706256,0.9707031,0.0065905983,4.0,-3.626936,2.737095,-0.07310447,-10.000046,6.373065,2.7370932,9.926895,0.0,2.3616930732027672,0.46739532972942893,4.903895767928503,0.9790101616633194,1167.351147611654,504.9146971451425,2255.11211681416,660.2501485706491,0.016386779,0.88697356,1.0,-1.0,494.2857142857143,214.65923002287514,1000,292,10,10.677054172567178,2.2782360745339365,0.9166697889868363,5.553151966321517,-2.923725281989141,2278.2360745339365,218.0475679149146,2515.4953260090892,1708.3003395736291,0.037903167,0.8986054,1.0,-1.0,1000.0,0.0,1000,1000,1167.351147611654,100,100000,105,123.44274590900386,7.065371713000786,16.096991413996875,146.60510903600152,1422.422992504,9
0.13655402,0.15382886,0.16864845,0.97265625,0.002371018,4.0,-3.7314906,2.9222975,-0.038357265,-10.000046,6.26851,2.9222956,9.961642,0.0,2.376780156702575,0.4893885208093138,4.455104133879281,1.006671288828814,1550.5519547288422,560.9920305870897,2426.709695678824,880.4755795387307,0.040234607,0.877632,1.0,-1.0,652.375,240.46176281271832,1000,374,10,6.975008685278976,2.130658915496098,0.9297784429524047,5.111155717123213,-4.929447490393342,2130.658915496099,211.59071683519673,2417.6029347885506,1662.4318020608732,0.024281101,0.8977828,1.0,-1.0,1000.0,0.0,1000,1000,1550.5519547288422,110,110000,115,126.6816683310044,7.129310407000958,15.823981018003906,149.63495975600927,1572.4657678340063,10
0.05895838,0.13466856,0.1445517,0.9746094,0.002994618,4.0,-3.9740176,2.8473256,-0.35420132,-10.000046,6.025984,2.847323,9.645799,0.0,2.527047680159972,0.6536855814095679,5.3379147738870305,1.0100697875988405,1049.129114895214,772.8272195403766,2756.430676553423,218.61258894110813,0.036408063,0.84277785,1.0,-1.0,415.16,281.0410190701706,1000,115,10,5.951331927612683,2.082420904730536,0.8653272883150782,6.470591189730928,-0.5009188160518587,2082.4209047305358,213.41396346175847,2414.6165848572246,1701.9731558291314,0.024154987,0.89657146,1.0,-1.0,1000.0,0.0,1000,1000,1049.129114895214,120,120000,125,119.34888232399499,7.540828262999639,15.405607264998253,142.29531785199288,1714.4626704429993,11
0.14012851,0.13092712,0.14649148,0.97265625,0.0029824078,4.0,-4.972499,3.3866441,-0.34172687,-10.000046,5.027502,3.3866425,9.658273,0.0,2.3679526215233637,0.49262090342268855,5.276888697279481,0.9679119271938603,1849.8784158286448,518.527309471697,2341.326784395361,907.6659225066022,0.039497204,0.8572338,1.0,-1.0,781.2142857142857,235.6035345876714,1000,366,10,7.017934885762499,1.8363642775884208,1.0385467444535397,6.734752552379762,-3.2526775975893742,1836.3642775884211,472.1078230308413,2373.065433782218,1172.1197650825504,0.040040605,0.91286045,1.0,-1.0,1000.0,0.0,1000,1000,1849.8784158286448,130,130000,135,123.29672138099886,7.242767490000915,15.896943290999843,146.43643216199962,1860.978414522,12
0.11280651,0.11614346,0.13738935,0.9746094,0.002180411,4.0,-5.195037,3.7252154,-0.39969757,-10.000046,4.8049645,3.7252138,9.600303,0.0,2.5444590919288514,0.5659793754245779,5.545019019379243,0.9680011353505728,1117.6536561297478,352.2711593224283,2137.5611180266937,660.8156803553034,0.058623563,0.8528772,1.0,-1.0,439.25,134.50689263627595,811,284,10,10.331486260863656,2.0104068207133357,1.0587484481267404,6.211147046455097,-3.393237921788101,2010.4068207133364,399.2363575234039,2565.52881095882,1208.77956555168,0.120674014,0.90073967,1.0,-1.0,1000.0,0.0,1000,1000,1117.6536561297478,140,140000,145,124.98008177999691,7.322470785000405,15.995053439997719,148.29760600499503,2008.6871357449945,13
0.094092704,0.11185442,0.13317847,0.9765625,0.010131167,4.0,-4.1413198,3.297749,-0.59303015,-10.000046,5.8586802,3.2977486,9.40697,0.0,2.699620708884056,0.4565013583047559,4.466224482289378,0.9735017646376251,2494.2041149444226,335.466487053104,2726.100366882056,1691.7745163459583,0.08031784,0.86027616,1.0,-1.0,923.9090909090909,127.844688833013,1000,623,10,4.601724564964221,2.3018062765133056,0.9432617822737319,5.49025903170216,-4.537557066721328,2301.806276513306,404.9590432934873,2638.212312324923,1246.5821336627912,0.036930818,0.89767843,1.0,-1.0,1000.0,0.0,1000,1000,2494.2041149444226,150,150000,155,127.0248059670048,6.739664566999636,15.724501631000749,149.48897216500518,2158.039286007999,14
0.108627036,0.121741794,0.15005031,0.9863281,0.0065484354,4.0,-3.740263,3.0780606,-0.35963187,-10.000046,6.259737,3.07806,9.640368,0.0,2.7390520447132025,0.43448369156759054,4.090155659128551,0.9180809927631612,2302.4014979185054,603.3256254946334,2787.330832768833,1027.6968746430584,0.08869841,0.8566661,1.0,-1.0,840.5833333333334,212.36935526472635,1000,395,10,3.760930576636208,2.244888631862582,1.0071461861041817,6.4600367014434354,-4.4976608399486535,2244.888631862582,473.6908390359726,2707.9326138956644,1369.0878342441445,0.04976005,0.9045839,1.0,-1.0,1000.0,0.0,1000,1000,2302.4014979185054,160,160000,165,111.98939207400326,6.593171615000756,13.940918667003643,132.52348235600766,2290.166213993005,15
0.05703357,0.10253631,0.18114111,0.97265625,0.0034824023,4.0,-3.1751113,2.9081237,-0.24149175,-10.000046,6.8248906,2.90812,9.758509,0.0,2.5915606786843375,0.4103603873983756,3.7821599132374986,0.980154252115076,2591.560678684338,24.870443552605813,2634.5503883087395,2534.8364650587764,0.08113581,0.8668068,1.0,-1.0,1000.0,0.0,1000,1000,10,2.7372374316336567,2.5806508495579563,1.0510097106953706,6.115253343901533,-3.9013691004649935,2580.6508495579565,489.62815334455235,2911.266036241045,1199.3526742182758,0.044739176,0.89395183,1.0,-1.0,1000.0,0.0,1000,1000,2591.560678684338,170,170000,175,118.39498742100113,6.2023236519999045,14.571735747997081,139.16904682099812,2429.4902748460026,16
0.07174091,0.09642978,0.19449586,0.9785156,0.022295604,4.0,-2.7665343,2.6276839,-0.31843287,-10.000046,7.2334685,2.627676,9.681567,0.0,2.690189822975705,0.45244637960715794,3.7329247137816206,0.9323338267367837,1364.7332971955752,877.0425479266978,2786.0331902227845,560.8701099835444,0.05188415,0.82497936,1.0,-1.0,507.3,311.7471892415391,1000,227,10,1.5018182452423243,2.6294752565544868,0.8241059575313824,6.308812281269195,-3.7585316805023323,2629.4752565544877,294.18457219655966,2827.1679555501037,1783.1144579595375,0.028097128,0.88575435,1.0,-1.0,1000.0,0.0,1000,1000,1364.7332971955752,180,180000,185,106.90037874300106,6.353223837999394,13.477640746998077,126.73124332799853,2556.019580410002,17
0.018901551,0.09174582,0.21584716,0.9746094,0.022237446,4.0,-2.1139495,1.7071993,-0.18263131,-9.678236,7.8860507,1.7071993,9.8173685,0.321764,2.918139659881286,0.44750464555901764,3.8711801420747536,0.9407580609021424,1993.8675582748872,892.005242100485,2970.9415182430507,597.6939917827998,0.026270429,0.84940803,0.9999999,-1.0,683.2666666666667,294.05384238642796,1000,230,10,1.8067396882007842,2.7603036472115887,0.9307042784348903,5.113421467198927,-3.18675946865425,2760.303647211589,326.2399340187148,3047.817512475121,1849.2714171674568,0.03783085,0.8842751,1.0,-1.0,1000.0,0.0,1000,1000,1993.8675582748872,190,190000,195,110.96296257100039,6.155718489000719,13.489906139995583,130.6085871999967,2686.639140747997,18
0.056526743,0.100296125,0.2538412,0.96484375,0.0030257155,4.0,-2.3024786,1.8982114,-0.35774234,-10.000046,7.697521,1.8982106,9.642258,0.0,2.808064520891289,0.49848073775575813,4.765435119370571,0.9489520801565808,1820.8543377654455,530.5406565022428,2709.407506956284,867.4062749480319,0.0706519,0.8404964,1.0,-1.0,648.4375,191.19458960375945,1000,314,10,2.9920678379909704,2.7457260492208033,0.9224990782916511,6.109064721498233,-3.6609434732932202,2745.7260492208034,310.37708085737455,3133.4435267038957,2193.1416032315033,0.011152588,0.887828,1.0,-1.0,1000.0,0.0,1000,1000,1820.8543377654455,200,200000,205,107.75340485099514,6.167929527000524,13.385893857996052,127.30722823599172,2814.0888578059894,19
0.045012724,0.086534396,0.27217126,0.9589844,0.007966446,4.0,-2.1626112,1.9984694,-0.21493009,-9.760785,7.837389,1.9984694,9.785069,0.2392149,2.8435278375748605,0.5874689312490239,4.665578947017964,0.9336350290620892,1305.9547850389267,676.0587920129244,2925.883987305333,873.7235365883372,0.106811605,0.8354591,1.0,-1.0,459.27272727272725,226.55747450966683,1000,321,10,2.684004856159742,2.7271831220302576,0.8713759977019151,5.691871683917003,-4.375219828315388,2727.1831220302574,313.9321005633435,3047.1189022653157,2011.9075189002663,0.049368367,0.8834877,1.0,-1.0,1000.0,0.0,1000,1000,1305.9547850389267,210,210000,215,114.39181018300224,6.311597779000294,14.067302675000974,134.7707106370035,2948.790878766991,20
0.038115963,0.09016419,0.27071807,0.96875,0.002611218,4.0,-2.5323014,2.3729458,-0.27112797,-10.000046,7.467699,2.3729446,9.728872,0.0,2.7881021878534864,0.5106602728712473,4.984271902725899,0.9487717046271655,1751.276686745471,555.5842156774962,2747.668235260116,1043.383609567148,0.09852062,0.84045947,1.0,-1.0,628.125,202.70633777709074,1000,380,10,3.102823302628492,2.4538226622984456,1.1703577108628747,6.374231039964688,-5.182276743768682,2453.822662298445,538.8564982821165,2993.8278883845824,1520.753452589222,0.055159632,0.8963618,1.0,-1.0,1000.0,0.0,1000,1000,1751.276686745471,220,220000,225,109.30710346400156,6.245163945000968,13.52651390200117,129.0787813110037,3077.730945985997,21
0.04086892,0.078303285,0.25310653,0.98046875,0.0043842895,4.0,-2.5394616,2.476205,-0.3556914,-9.775449,7.460539,2.4762053,9.644309,0.2245512,2.963646799510206,0.46476092574608696,4.811141057355237,0.9674079916022573,2808.7288986267176,491.3669069831652,2998.6415915948764,1257.0675731302756,0.14054175,0.8417044,1.0,-1.0,947.7272727272727,165.3008776906198,1000,425,10,1.8253265879926661,2.7806454016670994,0.9955713961779871,6.097269016235288,-4.442770299036266,2780.645401667099,220.59232092100916,3026.9303867886933,2402.513383251873,0.096188165,0.8863395,1.0,-1.0,1000.0,0.0,1000,1000,2808.7288986267176,230,230000,235,121.31625638299556,6.106088997999905,13.759118454998315,141.18146383599378,3219.344532204994,22
0.042048614,0.07140033,0.28005797,0.9667969,0.0032694682,4.0,-1.7822073,1.3435236,-0.2942404,-8.393068,8.2177925,1.3435236,9.70576,1.6069317,3.0928477548064133,0.4597883467834573,4.251971724630113,0.9687294075807554,3092.8477548064125,26.091153896012454,3139.80778491048,3041.6915484433216,0.13040414,0.7892789,1.0,-1.0,1000.0,0.0,1000,1000,10,1.4851262176657973,3.0034196459099824,0.46267830954569866,4.34760065997823,0.9677413258623374,3003.419645909981,97.43819060065415,3133.0304462772656,2795.6800281240203,0.089396104,0.8721192,1.0,-1.0,1000.0,0.0,1000,1000,3092.8477548064125,240,240000,245,112.08882678899681,6.532882913001231,13.591642891997253,132.2133525939953,3351.3832265189867,23
0.027413256,0.06870181,0.3112545,0.95703125,0.0033676936,4.0,-1.5334749,1.1792816,-0.4020628,-9.104704,8.466525,1.1792816,9.597938,0.8952961,3.2039439517791646,0.6651236137171748,5.220586662919221,0.9679396248936817,1564.4400610258836,867.0370524887836,3136.4379251876476,1010.1991841828118,0.06042583,0.76613003,1.0,-1.0,488.2857142857143,286.67040022881145,1000,312,10,3.830668069597979,3.0168799231859906,0.7181599368514588,4.51473919876543,-4.825418688290711,3016.879923185989,246.20365575802884,3231.4502564796703,2300.0217722359566,0.096597195,0.87022525,1.0,-1.0,1000.0,0.0,1000,1000,1564.4400610258836,250,250000,255,111.13168338799915,6.3590601369996875,13.489370454997697,130.98011397999653,3482.3010811339846,24
0.06671068,0.06458328,0.33124477,0.9589844,0.0048684706,4.0,-1.5105882,1.1473092,-0.36277542,-7.62297,8.489412,1.1473092,9.637224,2.37703,3.0743082620532105,0.4556124266659066,4.316136529810777,0.9701153339545824,3074.3082620532105,20.842191452499144,3115.2761356067394,3034.0077041363074,0.15436266,0.7905498,1.0,-1.0,1000.0,0.0,1000,1000,10,1.7078464234335309,2.987732779939352,0.856495902466743,5.304142410225611,-5.654813492283054,2987.7327799393506,192.39773229757085,3202.2880781064014,2618.0650943780925,0.10341284,0.8684622,1.0,-1.0,1000.0,0.0,1000,1000,3074.3082620532105,260,260000,265,109.75652918200103,6.303631450000466,13.442050424000627,129.50221105600212,3611.6504350359883,25
0.056274343,0.07076031,0.35152087,0.9296875,0.0041548004,4.0,-1.7223794,1.6872219,-0.41724154,-8.201384,8.27762,1.6872219,9.582759,1.7986164,1.1861011421294383,0.22571218982971292,1.5602139090352718,0.876681641473821,32.21116407934715,0.8397134355567857,35.50836899800569,30.31135425397543,0.41129267,0.54657304,1.0,-0.9998123,27.15718157181572,0.5228737271190345,29,26,10,1.6838086256304448,2.9843434253665966,0.817607404689858,4.975749890182265,-4.384759166150357,2984.3434253665973,502.64826075562985,3290.3250628904552,1506.9963983931632,0.05582429,0.8680981,1.0,-1.0,1000.0,0.0,1000,1000,32.21116407934715,270,270000,275,113.69587017500271,6.151757628998894,13.370740010996087,133.2183678149977,3744.739312257987,26
0.08468415,0.05964439,0.36809114,0.9433594,0.0033898917,4.0,-1.4569876,1.2137791,-0.3826816,-8.093845,8.543013,1.2137791,9.617318,1.9061546,3.1664397353676597,0.45247591821627753,4.38988866927307,0.9677445742868123,3166.4397353676595,15.39691853591172,3187.5869967432386,3142.7018935145775,0.13360332,0.76776254,1.0,-1.0,1000.0,0.0,1000,1000,10,1.0774510314288765,3.148739002097769,0.4749026369677878,4.579044588682675,0.8013479606472608,3148.7390020977687,27.052135418976015,3202.623782229614,3096.983661140711,0.102124505,0.85937744,1.0,-1.0,1000.0,0.0,1000,1000,3166.4397353676595,280,280000,285,117.85659785000098,6.02223591099937,13.227808108995305,137.10664186999566,3882.147184040985,27
0.029517466,0.061768316,0.37481725,0.94140625,0.0035841444,4.0,-2.0208955,2.1602044,-0.18977064,-8.237809,7.9791045,2.1602044,9.810229,1.7621908,3.0763589860158302,0.5014039261881159,5.11996126338552,0.9681277067917906,3012.3147853069563,165.0803408966343,3207.439832996323,2545.316803595059,0.105384596,0.7570847,1.0,-1.0,979.1818181818181,65.8328712889599,1000,771,10,1.191590527681864,2.5391893773326832,1.1519550938360015,5.335487721053596,-1.0650944427640754,2539.189377332683,655.2579928839817,3260.8417534694618,1504.0205635797586,0.18422504,0.85937834,1.0,-1.0,1000.0,0.0,1000,1000,3012.3147853069563,290,290000,295,120.39175430599789,6.31993487300133,13.52525724300358,140.2369464220028,4022.711649879986,28
0.044119585,0.05510587,0.36661828,0.9375,0.004080777,4.0,-2.4758499,2.6854162,-0.29639602,-8.556863,7.52415,2.6854162,9.703604,1.4431372,3.0480152983242808,0.5266578765528249,4.38978894675019,0.9662670832618021,3048.0152983242815,9.9797749602728,3067.319604069935,3033.0931048445977,0.26631564,0.7933998,1.0,-1.0,1000.0,0.0,1000,1000,10,7.5350942498687425,2.788987862916053,0.8331707252336154,4.9207324292652475,0.22770505296334764,2788.987862916053,495.50391388053623,3167.0666957174903,1717.0562268406156,0.14204293,0.86733836,1.0,-1.0,1000.0,0.0,1000,1000,3048.0152983242815,300,300000,305,118.94853065700227,6.6531407780003065,13.544947086998945,139.14661852200152,4161.3960622189825,29
0.042195488,0.050798334,0.3434465,0.9355469,0.0034993722,4.0,-3.017292,2.9413173,-0.3109665,-8.79124,6.982708,2.941317,9.6890335,1.2087603,3.09410799390739,0.47694998714096076,4.431338084607749,0.9690823983481132,2086.395696641677,970.0984055291405,3112.015473769754,907.2642078651,0.12864392,0.75777173,1.0,-1.0,674.3125,309.8595889168996,1000,299,10,1.5721558650000171,2.41968076517723,1.1647044115205483,5.550598781801221,-0.15263842895818566,2419.6807651772297,663.0196639926813,3198.7777619156846,1541.8366994725309,0.087515436,0.8929508,1.0,-1.0,1000.0,0.0,1000,1000,2086.395696641677,310,310000,315,117.73692196700176,6.190428325000539,13.643740345998594,137.5710906380009,4299.326817103987,30
0.034499627,0.047451258,0.2960059,0.93359375,0.0034277635,4.0,-2.6578498,2.7728448,-0.15654352,-8.275333,7.3421507,2.7728448,9.843456,1.7246666,3.1837396104346882,0.4954293553014892,4.869856877919523,0.9713708536496365,3183.739610434689,130.90694834561768,3443.2580268293423,3082.7889453714115,0.09850791,0.75682604,1.0,-1.0,1000.0,0.0,1000,1000,10,1.1161804401169018,2.9336936369829067,0.7743205975614994,5.436297569315438,-0.8629789401996896,2933.6936369829045,306.8017783660734,3137.185462942268,2185.3629448838583,0.051766146,0.87026936,1.0,-1.0,1000.0,0.0,1000,1000,3183.739610434689,320,320000,325,120.5523800560004,6.55250851999881,13.443162488998496,140.5480510649977,4439.474849387983,31
0.043586057,0.057346243,0.30067796,0.9628906,0.0052491133,4.0,-2.2852802,2.5034714,-0.34913006,-9.637726,7.71472,2.5034714,9.65087,0.36227417,2.969556135016199,0.549279289013471,4.353280649036644,0.9433712390476446,2969.5561350161984,18.44185319251524,3016.449834066084,2948.375061698232,0.115738966,0.7622384,1.0,-1.0,1000.0,0.0,1000,1000,10,1.1076042210894588,2.91330387452279,1.0805017475786487,5.76491329591939,-4.466816551826373,2913.303874522792,408.12992260682284,3423.334436811291,1956.0304629829125,0.06412474,0.88045216,1.0,-1.0,1000.0,0.0,1000,1000,2969.5561350161984,330,330000,335,119.36389776900432,6.153083945000617,13.519379937004487,139.03636165100943,4578.52289700399,32
0.040308584,0.045313682,0.3520456,0.94140625,0.004364132,4.0,-2.6470842,2.7601137,-0.25192556,-9.48146,7.352916,2.7601137,9.748075,0.5185404,3.2716531191902942,0.5802729533734927,4.568852567888876,0.9897939153202346,3170.8267185170644,336.0707460173306,3321.41762169475,2110.895879438933,0.091101944,0.6943985,1.0,-1.0,969.1818181818181,97.45564789064369,1000,661,10,1.040894458698263,2.7352149426746206,1.0726808020449587,6.036038927356909,-3.097704642075006,2735.2149426746214,560.2773408100838,3223.54520049994,1406.5532053580885,0.14609207,0.8715044,1.0,-1.0,1000.0,0.0,1000,1000,3170.8267185170644,340,340000,345,113.41114267099692,6.164545146000819,13.32589529300094,132.90158310999868,4711.420535578991,33
0.004992091,0.060922984,0.3352905,0.921875,0.0038413866,4.0,-3.2330456,3.0569255,-0.28972614,-9.51554,6.7669544,3.0569255,9.710274,0.48445988,2.9871786612742017,0.44995641156156824,4.89343790057445,0.9954300679382552,2922.275415815609,148.93614614543262,2992.9353058916195,2456.6712998358316,0.059588205,0.8160996,1.0,-1.0,978.2727272727273,68.70766916184026,1000,761,10,2.1009624792368595,2.5607133796691866,1.4871682661225996,5.902935323155255,-7.283526508164465,2560.7133796691865,582.3041418973072,3214.8517545224972,1473.489221433376,0.12115323,0.87274545,1.0,-1.0,1000.0,0.0,1000,1000,2922.275415815609,350,350000,355,113.82845164400351,6.162142377999771,13.26596728000004,133.25656130200332,4844.670996276995,34
0.078558594,0.053183116,0.32305264,0.9140625,0.0026664035,4.0,-2.7305174,2.7794137,-0.26894847,-9.15885,7.2694826,2.7794137,9.731051,0.8411503,2.7198010109714787,0.38774941146768993,3.994964952791058,0.9545877889168188,2719.8010109714787,26.051760435583102,2769.603831952588,2682.6460593682536,0.1348299,0.7945692,1.0,-1.0,1000.0,0.0,1000,1000,10,2.1136576928084585,2.7970631747167922,0.9073627634043413,5.059821020153877,-3.253070888831917,2797.063174716791,331.3047409328287,3178.6999223983375,2099.762727360093,0.022708148,0.8869714,1.0,-1.0,1000.0,0.0,1000,1000,2719.8010109714787,360,360000,365,119.05359269100336,6.156460303000131,13.30155921000005,138.51161220400354,4982.798007805997,35
0.053482503,0.057681598,0.322217,0.9511719,0.004121304,4.0,-2.3257647,2.4020617,-0.41256025,-8.978368,7.6742353,2.4020617,9.58744,1.0216322,3.06904412112319,0.8102412291487431,5.566394136527376,1.0059931238462658,912.9503600305866,223.44072765456826,1624.7757524440487,647.5971312889812,0.029317176,0.7126341,1.0,-1.0,297.47058823529414,56.116074709751835,472,230,10,1.5487484127541116,2.630046287719486,0.8628466064502471,5.537675585672733,-3.4976950713624717,2630.046287719487,556.621659703542,3005.886223917207,1109.2248345742205,0.07540862,0.8851335,1.0,-1.0,1000.0,0.0,1000,1000,912.9503600305866,370,370000,375,119.97520980800255,5.772974577999776,13.301161077997676,139.049345464,5121.849648894,36
0.019720681,0.04815917,0.26807308,0.984375,0.0037184197,4.0,-3.2934053,3.0432467,-0.22565459,-9.475784,6.7065954,3.0432465,9.774345,0.5242157,3.0911851209829657,0.5463438073607194,5.339286540799039,0.9429978061203305,2251.7075616988773,960.3885978919837,3094.816281701802,962.1952487287851,0.08619385,0.7575265,1.0,-1.0,728.4285714285714,319.9445742816166,1000,306,10,2.413619986409315,2.3169515783699084,1.392641704389762,6.042057833231775,-3.4230746184408716,2316.951578369907,778.338733087255,3326.583403002482,1002.484565242155,0.009673291,0.8942659,1.0,-1.0,1000.0,0.0,1000,1000,2251.7075616988773,380,380000,385,132.93612334500358,5.776289247998648,13.315840720999404,152.02825331400163,5274.293949371004,37
0.03276402,0.043421946,0.28590125,0.953125,0.0026608235,4.0,-3.7104573,3.0812998,-0.2599427,-9.348289,6.2895427,3.0812998,9.740057,0.65171146,3.267810384214325,0.5536671525337218,5.047655950412415,0.92923147264185,3267.8103842143255,56.304093580283244,3358.2427358416912,3181.8420581341534,0.080021195,0.6959316,1.0,-1.0,1000.0,0.0,1000,1000,10,1.4291019177896407,2.376684173173905,1.262742216772593,5.306188600615861,-2.2749123338692767,2376.684173173905,689.8356069135441,3239.233162126692,1080.9162416081037,0.08006403,0.87840796,1.0,-1.0,1000.0,0.0,1000,1000,3267.8103842143255,390,390000,395,115.79239437399883,6.193322047000038,13.312807742999212,135.29852416399808,5409.242398868004,38
0.023330705,0.04376899,0.2847585,0.9199219,0.0033953874,4.0,-3.264498,2.9626675,-0.30254668,-8.631852,6.7355022,2.9626675,9.6974535,1.3681479,3.175711509005522,0.5088670420345185,4.4633546829416995,0.9168511912088807,3175.711509005522,35.77778787607569,3257.512911841825,3124.301634342738,0.15458958,0.75147605,1.0,-1.0,1000.0,0.0,1000,1000,10,1.4782330868775748,2.9168540284244933,1.1602210913845556,5.584473143190123,-3.228622847548587,2916.854028424494,521.3254965471082,3326.1260548794726,1639.4832191030355,0.044847786,0.8763733,1.0,-1.0,1000.0,0.0,1000,1000,3175.711509005522,400,400000,405,121.63486081500196,5.8442597209996165,13.29434310400211,140.77346364000368,5550.2670903090075,39
0.039474837,0.04685194,0.3582896,0.87890625,0.0031368844,4.0,-2.6548216,2.6407087,-0.3049791,-9.05603,7.3451786,2.6407087,9.695021,0.9439697,3.205803024155192,0.6779773140644116,4.710318230962844,0.9676223164820413,3205.803024155192,10.779779784040697,3221.239167109854,3191.656961879502,0.2139858,0.76510775,1.0,-1.0,1000.0,0.0,1000,1000,10,4.1764555306730795,2.9889340504329676,1.1236168834504126,5.458297507910371,-3.5896322138842653,2988.934050432966,330.81931704644256,3417.9523129496247,2227.8312222274726,0.062384635,0.88501465,1.0,-1.0,1000.0,0.0,1000,1000,3205.803024155192,410,410000,415,127.36571784799526,6.096303529000579,13.285916177996114,146.74793755499195,5696.995889762999,40
0.04473259,0.039025914,0.34779292,0.91015625,0.0036656694,4.0,-1.822373,1.7665963,-0.29316503,-8.523093,8.177627,1.7665963,9.706835,1.4769068,3.3705011193577956,0.7219354373883023,5.652771156122971,0.967275961151836,2453.500114817851,714.7196673609867,3389.2479867210923,1422.8049364137676,-0.013478828,0.7390328,1.0,-1.0,727.9333333333333,208.7532727621028,1000,451,10,1.6790703720874796,3.181549766381415,0.8119011782411252,5.60025600992646,-3.291537196409048,3181.5497663814144,244.55990195492456,3425.7306021093204,2533.121078770564,0.06254673,0.8747424,1.0,-1.0,1000.0,0.0,1000,1000,2453.500114817851,420,420000,425,119.68125580499509,6.080847399000049,13.388166059998184,139.15026926399332,5836.3279091439945,41
0.031316392,0.0349393,0.36191374,0.91015625,0.003070088,4.0,-1.6779559,1.4506229,-0.35950145,-8.176999,8.322043,1.4506229,9.640498,1.8230009,2.9076539465217452,0.4111648636304332,4.280431502217467,0.8768799467243814,2907.6539465217443,45.05871501203124,2951.387682267375,2799.54621603862,0.06769881,0.8136576,1.0,-1.0,1000.0,0.0,1000,1000,10,2.268736703067802,3.0237693619301824,0.8305243623276389,5.496449325865706,-4.238149881826791,3023.769361930182,144.2939426188258,3204.4974047312103,2798.4515759237715,0.026881153,0.8765699,1.0,-1.0,1000.0,0.0,1000,1000,2907.6539465217443,430,430000,435,117.61896443299884,6.261681934998705,13.30862787100159,137.18927423899913,5972.935325716995,42
0.03213949,0.038831763,0.38057688,0.91015625,0.0073434436,4.0,-1.4178293,0.8074397,-0.4255546,-7.2572913,8.5821705,0.8074396,9.574446,2.7427087,3.210553074569677,0.5130353582212068,4.519645713115211,0.854566749366253,3210.553074569677,25.64347597715379,3245.754664168159,3155.0402687382057,0.033944625,0.74848694,1.0,-1.0,1000.0,0.0,1000,1000,10,0.9196311049892585,3.1324933757575177,0.6053593241561376,5.55255588093905,-4.198649766605803,3132.493375757519,145.14701888829921,3265.0274194469657,2731.7904034306707,0.023132829,0.8759352,1.0,-1.0,1000.0,0.0,1000,1000,3210.553074569677,440,440000,445,120.42878938399917,5.680614813998545,13.575506907998715,139.68491110599643,6113.573058808988,43
0.021836953,0.038271725,0.36738664,0.9589844,0.0033229997,4.0,-1.3763766,0.94305664,-0.5038184,-7.8154187,8.623623,0.94305664,9.4961815,2.1845813,3.3208188091685646,0.5466387315482135,4.674150794781395,0.9190122531021114,3320.818809168566,41.31228301464881,3400.0545749535618,3240.956328646174,0.0921988,0.72090954,1.0,-1.0,1000.0,0.0,1000,1000,10,0.8049928217882113,3.1441001008195104,0.8049298617056329,6.531992689667968,-4.333968577155007,3144.1001008195103,166.62439637966608,3337.6013568839953,2755.2213498030064,0.030466955,0.86721927,1.0,-1.0,1000.0,0.0,1000,1000,3320.818809168566,450,450000,455,143.65752113300732,6.6352398059989355,15.063133859992377,165.35589479899863,6279.328825656987,44
0.020200124,0.04546603,0.38040185,0.9433594,0.004125118,4.0,-2.0686946,2.0446436,-0.29688862,-8.428652,7.9313054,2.0446436,9.703112,1.5713482,3.189478129578323,0.48793124550491535,4.395542339793377,0.91677959224292,3189.478129578325,25.667220811674802,3242.171713509912,3141.605610199768,0.072538994,0.8164176,1.0,-1.0,1000.0,0.0,1000,1000,10,2.213082676372223,2.885043871542071,1.334192159789297,6.6030251880950495,-3.979382265404726,2885.0438715420714,431.83831484345524,3473.365040711361,2224.8490167750606,0.058172606,0.88371676,1.0,-1.0,1000.0,0.0,1000,1000,3189.478129578325,460,460000,465,165.42097889999422,7.030586205997679,16.38593092300289,188.8374960289948,6468.064049183984,45
0.030126166,0.041588303,0.35119495,0.9296875,0.0043215887,4.0,-2.2968073,2.121719,-0.32827485,-8.807058,7.7031927,2.121719,9.671725,1.1929417,3.13000472061541,0.4647944742908373,4.43910684720928,0.9143149716544292,3130.0047206154095,23.423702396638472,3156.9418056358327,3070.579139712845,0.056789525,0.7756209,1.0,-1.0,1000.0,0.0,1000,1000,10,1.3260440899890615,2.9234572223772495,1.1314152813254117,5.606344775897475,-3.1716910717594997,2923.4572223772498,382.35854008490605,3444.773218160053,2201.575249531347,-0.017347064,0.8849417,1.0,-1.0,1000.0,0.0,1000,1000,3130.0047206154095,470,470000,475,147.78330031199948,6.939499590000196,13.835146506007732,168.5579464080074,6635.836965099988,46
0.022341296,0.04002016,0.3521695,0.9160156,0.0034210803,4.0,-1.829008,1.9641752,-0.31087634,-9.478378,8.170992,1.9641753,9.689124,0.5216217,3.1359938213278564,0.506152492967313,4.6865618420297945,0.9862527550273474,3135.9938213278547,27.530772959911374,3174.878123307453,3088.5248056531273,0.130985,0.8144598,1.0,-1.0,1000.0,0.0,1000,1000,10,1.9433626674128857,3.096600920289205,0.8273316769062002,5.455130555405944,0.2900102179771931,3096.6009202892055,485.2230007134325,3384.5141200713774,1649.1080798380708,0.07524397,0.8669061,1.0,-1.0,1000.0,0.0,1000,1000,3135.9938213278547,480,480000,485,126.54801975899682,6.149907336999604,13.680697897005302,146.37862499300172,6782.126873827994,47
0.019773662,0.035060942,0.35891685,0.9433594,0.0032388843,4.0,-2.0201032,2.208665,-0.24492346,-9.132619,7.9798965,2.208665,9.755076,0.8673811,3.32832081106323,0.579878072401485,5.430136774683864,0.9692549685903047,2590.713714396065,1138.1420834731005,3365.354397964553,738.8103981686888,0.049771994,0.7404042,1.0,-1.0,778.3846153846154,333.7423092658209,1000,242,10,1.0991101772679783,2.856722506929708,1.2353481688426624,5.613894549156554,-4.383783062631387,2856.7225069297083,569.1507718966435,3383.730726278133,1830.0418952662617,-0.027956352,0.8842644,1.0,-1.0,1000.0,0.0,1000,1000,2590.713714396065,490,490000,495,148.83135778099677,6.064211631000944,14.186648718994547,169.08221813099226,6952.033630606984,48
0.033884786,0.041844256,0.37877518,0.91015625,0.004354799,4.0,-3.1044228,3.081835,-0.21082537,-9.3826685,6.8955774,3.081835,9.789175,0.6173315,2.7994452719198883,0.6741203883220331,6.118264475974765,0.9820782152229692,1764.3092143146873,532.1500620797984,2657.7627499144714,1021.4737290918071,0.0654222,0.7958839,1.0,-1.0,630.2352941176471,211.9779481904454,1000,375,10,1.4676409339334147,2.482146157984336,1.1917862909869419,5.597740163648446,-1.3579845531218084,2482.1461579843367,595.7803808479013,3192.7262470481314,1538.627748040911,0.017363107,0.88659286,1.0,-1.0,1000.0,0.0,1000,1000,1764.3092143146873,500,500000,505,145.22445695799615,6.897858157000883,13.880710213001294,166.00302532799833,7117.889266679991,49
0.006540894,0.040761527,0.33144623,0.8964844,0.0034568422,4.0,-3.2963066,2.9311101,-0.10257525,-9.484459,6.7036934,2.9311104,9.897425,0.5155411,3.4168550425197592,0.6412545454950347,4.986238535407285,0.9131001796831514,3416.8550425197595,15.943996140461756,3439.2915871304285,3391.4623624634073,0.0673305,0.696107,1.0,-1.0,1000.0,0.0,1000,1000,10,1.2974376151460205,2.5708684435995637,1.1971363529799282,5.475781550796637,-2.746200033922367,2570.8684435995633,588.0186395061204,3422.626055753843,1737.7411909632312,0.056357544,0.88165694,1.0,-1.0,1000.0,0.0,1000,1000,3416.8550425197595,510,510000,515,147.76025547899917,6.742094175002421,13.591543502989225,168.09389315699082,7285.0376294939815,50
0.012233902,0.04206982,0.2759573,0.94140625,0.003617783,4.0,-2.2110186,2.0682414,-0.22329803,-8.724871,7.7889814,2.0682414,9.776702,1.2751293,3.3873531487903215,0.6303712200191482,4.777275588509928,0.8262866986452748,3387.353148790321,30.211193809289913,3422.3215917174252,3317.9039307805892,0.09611159,0.7207076,1.0,-1.0,1000.0,0.0,1000,1000,10,1.2483280465698898,3.3693964507998864,0.8740915970015901,7.377171863297749,-3.7375132669892404,3369.396450799886,157.82990716692197,3666.193059813581,3039.360269605353,0.046419974,0.86671036,1.0,-1.0,1000.0,0.0,1000,1000,3387.353148790321,520,520000,525,130.64740503400026,5.792311477001931,13.478057857002568,149.91777436800476,7434.883084607984,51
0.0071088183,0.040882792,0.35163328,0.91015625,0.00389631,4.0,-1.8287479,1.9241683,-0.2924716,-8.9764385,8.171252,1.9241683,9.707528,1.0235615,3.2693942404792917,0.658207387715049,5.6418110022750545,0.9305028426655756,2358.9769243138257,650.5328492840276,3279.082243097293,1283.2757904532766,0.06288465,0.7760136,1.0,-1.0,721.5333333333333,197.43281276311583,1000,415,10,1.7315176963200745,2.8283611790414835,1.1543923109434098,5.772723054618825,-2.683979589723893,2828.361179041484,483.90059584042814,3383.5668323804903,1872.4461413218962,0.018274821,0.87902874,1.0,-1.0,1000.0,0.0,1000,1000,2358.9769243138257,530,530000,535,144.36131633600235,5.725540602001274,13.361745001999225,163.44860194000285,7599.154006157987,52
0.03298899,0.030254656,0.39835507,0.8847656,0.0035485737,4.0,-1.9599966,2.1059945,-0.35908452,-8.429784,8.040003,2.1059947,9.640916,1.5702162,2.6435720343269495,0.7069721398950645,4.9827243608303045,0.9385796526405482,609.7639221905503,123.03249101762066,959.0224062130039,464.0085904843423,0.06419528,0.7774215,1.0,-1.0,230.6590909090909,33.66137737001089,337,181,10,1.8039232996804508,3.040511257513588,1.0006019639477197,5.460374531509135,-2.2955607548286903,3040.511257513587,534.5453117150945,3424.655564162207,1512.7889597271048,0.036025785,0.87589264,1.0,-1.0,1000.0,0.0,1000,1000,609.7639221905503,540,540000,545,134.46224371899734,6.550110812000639,13.549315317002765,154.56166984800075,7753.293375664987,53
0.03168534,0.030983858,0.35554957,0.9316406,0.0037025406,4.0,-2.0539913,2.2778018,-0.26434383,-8.624891,7.9460087,2.2778018,9.735656,1.3751087,3.118226174843886,0.5143137089980214,4.6261902803865125,0.9674300347652202,2911.856297090581,562.1382474788022,3196.187736836247,1343.530173871298,0.14197871,0.7910224,1.0,-1.0,933.8181818181819,151.73590584949542,1000,501,10,2.7128375481781513,3.069361922465609,1.074594455771299,5.545882878586511,-4.290833402330812,3069.3619224656095,298.7702157211296,3434.945801684461,2668.378277715531,0.09463787,0.8785353,1.0,-1.0,1000.0,0.0,1000,1000,2911.856297090581,550,550000,555,127.51667934300349,6.129408967000927,13.399343093002244,147.04543140300666,7900.346618137988,54
0.011197295,0.042098247,0.36511374,0.9355469,0.0035325007,4.0,-1.6874595,1.521234,-0.2198352,-8.478472,8.31254,1.521234,9.780165,1.5215282,3.350769164385521,0.5807315326824217,4.963828427729923,0.9671733943884919,3350.76916438552,26.334402465442974,3387.593877481652,3310.731687014681,0.110847786,0.81418216,1.0,-1.0,1000.0,0.0,1000,1000,10,3.014787151011429,3.3580941362529324,0.5882218086135913,5.1673550333868885,0.9668374730330754,3358.094136252933,85.13327831621402,3489.5055321803725,3143.7188547810233,0.10651174,0.88035923,1.0,-1.0,1000.0,0.0,1000,1000,3350.76916438552,560,560000,565,124.5736391950013,6.136961889998929,13.373864664994471,144.0844657499947,8044.471755255989,55
0.042965207,0.03607413,0.3697844,0.9316406,0.0034652273,4.0,-1.3968387,0.92619336,-0.30147287,-7.125102,8.603161,0.92619336,9.698527,2.874898,3.4439685458009546,0.6126956343006301,4.836860176559191,0.9664021406677514,3443.9685458009553,44.403714217539566,3525.01863839684,3389.072973780041,0.08761048,0.7083248,1.0,-1.0,1000.0,0.0,1000,1000,10,0.8560216702450034,3.3440662083740667,0.7768622603838653,6.165124481017678,-2.4011894573482375,3344.066208374067,159.565801651351,3557.500685793267,2986.134051295342,0.09008846,0.8766776,1.0,-1.0,1000.0,0.0,1000,1000,3443.9685458009553,570,570000,575,128.40833087899955,6.1779449339992425,13.18789648398888,147.77417229698767,8192.163128246975,56
0.03400376,0.031958703,0.37695846,0.9238281,0.00294388,4.0,-1.4348469,1.1406909,-0.34978843,-7.5733876,8.565153,1.140691,9.650211,2.4266124,3.224312797913097,0.5050162941452474,4.50441833319675,0.9659311373310737,3224.312797913097,25.212598722052743,3258.4723831148367,3168.8496800604785,0.13020776,0.80071145,1.0,-1.0,1000.0,0.0,1000,1000,10,2.0079412558198886,3.2056788724149623,0.8573402704773434,5.752486571837325,-2.284905677215872,3205.6788724149633,197.6013494030817,3433.186021353788,2859.095454613003,0.08564403,0.87395215,1.0,-1.0,1000.0,0.0,1000,1000,3224.312797913097,580,580000,585,125.35311042099784,6.096517391997622,13.21880731400961,144.66843512700507,8336.457707199974,57
0.022249779,0.02844327,0.40212297,0.90625,0.0035666823,4.0,-1.4121723,1.2912234,-0.34142348,-9.356759,8.587828,1.2912234,9.658577,0.6432409,3.2425832878113914,0.5309400630850626,4.8327512278089975,0.9663845244605529,3242.5832878113897,10.082082250976082,3261.147747477834,3229.791283734267,0.13313517,0.77778345,1.0,-1.0,1000.0,0.0,1000,1000,10,2.413336062341815,3.307187144484362,0.6000030038023486,5.2173664376136415,0.3298289837616594,3307.1871444843614,67.18741783546653,3394.887728858317,3152.4322293066366,0.060087956,0.8747583,1.0,-1.0,1000.0,0.0,1000,1000,3242.5832878113897,590,590000,595,125.59649516699574,5.723217046997888,13.194487722994381,144.514199936988,8481.031177466964,58
0.021386996,0.031252723,0.42228308,0.8925781,0.0048871837,4.0,-1.6087186,1.8565514,-0.28476366,-9.166085,8.391281,1.8565514,9.715237,0.83391476,3.289312365392084,0.5194088023544796,4.735587964902539,0.9696861972280827,3289.312365392084,8.542335342034987,3307.8848798494478,3278.127664989408,0.16018362,0.7788426,1.0,-1.0,1000.0,0.0,1000,1000,10,1.8018998638413668,3.1207424032665645,1.0708208767592977,5.604871435539883,-3.3137823769173242,3120.7424032665663,534.5012387967795,3445.7787477091865,1972.1766673395596,0.055773914,0.87653404,1.0,-1.0,1000.0,0.0,1000,1000,3289.312365392084,600,600000,605,134.05332486299812,5.784458829999494,13.197251707006217,153.03503540000384,8634.029252008964,59
0.040686373,0.034811936,0.4218498,0.8808594,0.0038271053,4.0,-1.6401129,1.9530195,-0.2534963,-9.316939,8.359887,1.9530195,9.746504,0.68306065,3.3480881109696345,0.5737035740188552,4.9256305570256895,0.9661387808009347,2469.4541309908896,1450.0098781239096,3414.8541120338978,175.1107969476562,0.07688044,0.7213231,1.0,-1.0,737.5714285714286,414.93609048102024,1000,81,10,0.854450903334954,3.3705860210581253,0.6152645999253882,6.066681639484794,-3.0923104232331697,3370.5860210581254,79.3723401392812,3599.2745155809844,3307.022732697283,0.0680742,0.86670184,1.0,-1.0,1000.0,0.0,1000,1000,2469.4541309908896,610,610000,615,130.69648335300008,5.748511387002509,13.463488888002757,149.90848362800534,8784.270974446972,60
0.030304603,0.028035626,0.41311428,0.8964844,0.0041227546,4.0,-1.4795135,1.3797284,-0.32384259,-8.980516,8.520487,1.3797284,9.676157,1.0194836,3.290140218543415,0.5278188572542402,4.747841331182704,0.9680060794677148,3290.1402185434154,43.216049465736376,3353.4631504484187,3188.754635557082,0.10868921,0.7264258,1.0,-1.0,1000.0,0.0,1000,1000,10,1.5638637066216596,3.1917584686757947,0.8813215824168565,5.61918249583605,-1.9522239978806621,3191.7584686757937,308.13206887406864,3453.9393276672513,2297.1965575249624,0.07331071,0.8675288,1.0,-1.0,1000.0,0.0,1000,1000,3290.1402185434154,620,620000,625,139.5811686060042,6.0818960959986725,13.199347188001411,158.8624118900043,8943.05280004297,61
0.018959235,0.03414592,0.39762986,0.9160156,0.003804804,4.0,-1.8351462,1.9247057,-0.34543774,-8.592327,8.164854,1.9247057,9.654562,1.4076729,2.862017417271242,0.4368170516649769,4.2498733524600825,0.8279226766050558,2862.0174172712404,76.32707360277779,2988.344410943231,2748.757127188507,0.16811247,0.78901565,1.0,-1.0,1000.0,0.0,1000,1000,10,3.3283230497688803,2.9870744401348652,0.9387291319672187,6.21209585366215,-3.6872274873114605,2987.0744401348666,254.52131257440988,3408.2665211828466,2408.337139726479,0.12595566,0.8713609,1.0,-1.0,1000.0,0.0,1000,1000,2862.0174172712404,630,630000,635,140.09255618099633,6.010572079001577,13.214858985997125,159.31798724599503,9102.381544264968,62
0.011224256,0.032171343,0.38008443,0.9296875,0.004016446,4.0,-1.7184062,1.6969057,-0.3312708,-7.73612,8.281593,1.6969057,9.668729,2.2638798,3.391277623839387,0.5838325882669582,5.0346161136253285,0.9932153665569082,3391.2776238393853,21.687825134559862,3442.307127946897,3359.7841022166376,0.0695306,0.7571494,1.0,-1.0,1000.0,0.0,1000,1000,10,1.3333321860415372,3.0468554573048183,1.0691751555510187,6.201998092632404,-4.703505248710104,3046.8554573048173,343.5203460092244,3360.7287166463298,2459.125309517734,0.1112679,0.874313,1.0,-1.0,1000.0,0.0,1000,1000,3391.2776238393853,640,640000,645,153.8403480300003,6.013786504998279,13.203457087995048,173.05759162299364,9275.481692745965,63
0.02509755,0.028127847,0.3887233,0.91015625,0.0036618507,4.0,-1.5315404,1.2760665,-0.28966802,-7.678691,8.46846,1.2760665,9.710332,2.321309,3.303878426672565,0.5435859121307334,4.7839033431809685,0.9483035810531588,3303.8784266725643,19.064173379163297,3333.5397234860575,3278.028090231594,0.06303733,0.80498844,1.0,-1.0,1000.0,0.0,1000,1000,10,2.0356944195101616,3.290326790278777,0.6833049135958906,5.862812590974014,-2.1732294577142874,3290.326790278775,145.24651534472454,3597.335473410283,2976.594087230564,0.027120825,0.8727328,1.0,-1.0,1000.0,0.0,1000,1000,3303.8784266725643,650,650000,655,132.87383393200435,6.056963454997458,13.155654430996947,152.08645181799875,9427.49439955597,64
0.020139866,0.026036553,0.39198986,0.90625,0.0038883858,4.0,-1.3682988,1.0189595,-0.21515457,-7.4039273,8.631701,1.0189595,9.784845,2.5960727,3.2234612379475056,0.5048331173974626,4.512050513321466,1.0141570457850815,3223.4612379475057,60.1028290193975,3293.2089646078575,3068.9157437375156,0.09492267,0.77095264,1.0,-1.0,1000.0,0.0,1000,1000,10,1.5627603604310614,3.188900603980336,0.8533337848546322,5.666831314160211,-4.644889194707449,3188.9006039803367,275.0845277476917,3548.728909510545,2471.5529090668088,0.07630744,0.8751881,1.0,-1.0,1000.0,0.0,1000,1000,3223.4612379475057,660,660000,665,137.96896521999588,5.985916078003356,13.261551001993212,157.21643229999245,9584.440704931967,65
0.0030702553,0.027215298,0.38244995,0.9375,0.0046038665,4.0,-1.3111442,1.060479,-0.17203267,-9.1222925,8.688856,1.060479,9.827968,0.8777075,3.321786344279932,0.517039864359102,4.715603930220322,0.9965797494438196,2884.6946244784317,990.4252150368366,3364.473747222758,664.2102121747246,0.0780963,0.72660553,1.0,-1.0,868.4166666666666,294.2299152967889,1000,209,10,1.2837189635671482,3.2382766819376663,0.5231453665263888,4.977285190265497,0.9371387996404595,3238.276681937666,44.86056670109753,3310.4856214332704,3171.8252055635476,0.061585084,0.86515146,1.0,-1.0,1000.0,0.0,1000,1000,2884.6946244784317,670,670000,675,147.57643773900418,5.715044429001864,13.20057114300289,166.49205331100893,9751.519728163974,66
0.0050321016,0.032754686,0.3894404,0.9296875,0.002847243,4.0,-1.1720767,0.49001324,-0.3302859,-5.6803737,8.827923,0.49001324,9.669714,4.3196263,3.403782237228836,0.5542811457203405,4.985811408053979,1.0088913669623292,3403.7822372288356,17.72196763001332,3438.8364330680797,3380.375798549346,0.035002366,0.73533845,1.0,-1.0,1000.0,0.0,1000,1000,10,1.074396689873084,3.3721808776783453,0.594082255461085,5.715365685114221,-2.6343853200308325,3372.180877678345,57.699472344463395,3490.3502448940835,3298.5938993524983,0.03764867,0.85749435,1.0,-1.0,1000.0,0.0,1000,1000,3403.7822372288356,680,680000,685,134.49476373499783,6.3033335889995215,13.169112746007158,153.9672100700045,9905.239394524971,67
0.008845029,0.036378156,0.41502827,0.9199219,0.004098188,4.0,-1.5702611,1.5853127,-0.28479427,-7.367918,8.429739,1.5853127,9.715206,2.632082,3.3681040354344294,0.5387917074269342,4.724656345235968,0.9759319275517006,3368.104035434432,24.11789645109402,3410.989720727562,3340.2384010549854,0.06034493,0.6816289,1.0,-1.0,1000.0,0.0,1000,1000,10,0.8792427599725147,3.014266107339998,1.2687510803210993,6.554356562157316,-3.293064803217142,3014.2661073399995,537.5700374850807,3513.8251710723475,1805.7752755834542,0.07299105,0.8633171,1.0,-1.0,1000.0,0.0,1000,1000,3368.104035434432,690,690000,695,131.65648476000206,6.056559852000646,13.233620393992169,150.94666500599487,10056.164667642966,68
0.008580013,0.025290474,0.4376113,0.89453125,0.0044747908,4.0,-1.9351244,2.1005967,-0.34512243,-7.707801,8.064876,2.1005967,9.654878,2.2921991,3.169949833739031,0.4946041487287128,4.441640831296681,0.9729367276314751,3169.9498337390314,37.30609152940027,3222.4286462232167,3098.558523541357,0.10942798,0.7516209,1.0,-1.0,1000.0,0.0,1000,1000,10,1.5694025299241532,3.2762511077690775,0.6659795420663794,5.690011199203102,-0.04297540267871749,3276.2511077690774,148.56467449445108,3510.1783723667713,2942.071040808077,0.03838688,0.86242515,1.0,-1.0,1000.0,0.0,1000,1000,3169.9498337390314,700,700000,705,132.28360088400586,6.036997731000156,13.20096673799344,151.52156535299946,10207.42065534896,69
0.008442223,0.025830597,0.43494615,0.9003906,0.0040411456,4.0,-1.6151074,1.6219497,-0.33107919,-7.465377,8.384892,1.6219497,9.6689205,2.5346231,3.3427796686695963,0.5369579209565434,4.869163991992806,1.0109167997439792,3342.779668669596,16.999975300008778,3375.597404280546,3313.013659017295,0.1010866,0.699219,1.0,-1.0,1000.0,0.0,1000,1000,10,1.0299510134456766,2.9781799781939653,1.0102150826410312,5.980426816896456,-1.8860041947179746,2978.1799781939653,404.6085073448104,3366.7500891953737,2178.275381860305,0.023805099,0.8728343,1.0,-1.0,1000.0,0.0,1000,1000,3342.779668669596,710,710000,715,155.25083861600433,5.772856906998641,13.206831515002705,174.23052703800568,10381.915605127968,70
0.030581545,0.025680676,0.40709934,0.9199219,0.0043895775,4.0,-1.6367886,1.6090449,-0.33800685,-7.280852,8.363212,1.6090449,9.661993,2.7191482,3.343722028610544,0.5522701635900741,4.896236132446627,1.0084354662534512,3343.722028610545,23.787420250278903,3386.9798030826832,3306.3236629232097,0.008337227,0.6928908,1.0,-1.0,1000.0,0.0,1000,1000,10,1.1371584267593435,3.4103954264558793,0.5845667735791844,5.0635610859981695,0.1773045031934781,3410.39542645588,110.11787226392548,3715.33183863616,3320.425939656359,-0.00095985143,0.8517607,1.0,-1.0,1000.0,0.0,1000,1000,3343.722028610545,720,720000,725,161.11364314199818,6.036676767002064,13.225120467996021,180.37544037699627,10562.274751722958,71
0.012030555,0.018505882,0.41205922,0.9296875,0.0042419117,4.0,-1.1556582,0.5406338,-0.3487715,-5.713511,8.844341,0.5406338,9.651229,4.286489,3.368949314067002,0.5305073604963002,4.69920472343231,1.0063821281930758,3368.949314067003,11.309242983219217,3388.0331683374143,3351.1790843584886,0.01077326,0.73400575,1.0,-1.0,1000.0,0.0,1000,1000,10,0.8348701638964898,3.364434904186619,0.5841388148504476,5.138805893634925,-0.5913816753053357,3364.434904186618,67.4547840763367,3524.368835517217,3251.194367635314,0.00048291383,0.8610614,1.0,-1.0,1000.0,0.0,1000,1000,3368.949314067003,730,730000,735,157.05136084499827,6.021317590999388,13.181445581001753,176.2541240169994,10738.573694331957,72
0.013725504,0.024851723,0.43614185,0.9199219,0.0044675265,4.0,-1.3658397,1.2057816,-0.31064123,-7.4320693,8.634161,1.2057816,9.689359,2.5679307,3.4180361666208476,0.525377039092343,4.548181144321082,1.0078789488614905,3418.036166620847,15.600540966651085,3440.4363744297793,3395.051071758975,0.07279632,0.69830465,1.0,-1.0,1000.0,0.0,1000,1000,10,0.5767454554051392,3.1558513745030243,0.9976673235577028,6.187535626658402,-2.201654073278462,3155.8513745030236,528.1396442078111,3583.56043980816,1780.5547494645525,-0.0086716665,0.86218065,1.0,-1.0,1000.0,0.0,1000,1000,3418.036166620847,740,740000,745,152.91780539200045,6.066945702998055,13.260856302997126,172.24560739799563,10910.776066411952,73
0.0117987115,0.024079202,0.39995486,0.9453125,0.004525055,4.0,-2.089261,2.2636101,-0.3314144,-7.600987,7.910739,2.2636101,9.668586,2.399013,3.2237718485032785,0.47132307138518015,4.4127130545088145,0.8417667900111768,3223.7718485032774,35.608774411265024,3267.09611129267,3165.26082246778,0.099188134,0.7542296,1.0,-1.0,1000.0,0.0,1000,1000,10,1.4599775256581078,2.7967984981023233,1.2081876980970734,6.326789852840289,-2.3558696110678436,2796.798498102323,697.9700475765652,3430.2143370756785,1434.3646890718508,0.041923437,0.8839268,1.0,-1.0,1000.0,0.0,1000,1000,3223.7718485032774,750,750000,755,133.7946481709987,6.026796532001754,13.380223143001786,153.20166784600224,11063.974391150954,74
0.0092787575,0.020998674,0.4011252,0.9003906,0.0032945387,4.0,-1.9475564,2.1310542,-0.3030026,-8.522363,8.0524435,2.1310542,9.696998,1.4776373,3.2101896807404473,0.48901163985062107,4.619682888517591,0.9922604971982947,3210.1896807404464,27.608814304519363,3261.3895538758834,3162.61373162434,0.10561569,0.74072427,1.0,-1.0,1000.0,0.0,1000,1000,10,1.9215257669779833,3.3171417309471987,0.5534946380311327,5.204230984622892,0.4482432875436065,3317.141730947199,68.87858303623787,3445.749221410032,3239.996755567859,0.05510561,0.8647448,1.0,-1.0,1000.0,0.0,1000,1000,3210.1896807404464,760,760000,765,154.39162793500873,6.024039628999162,13.425798896001652,173.84146646000954,11237.841915683959,75
0.0376402,0.031806853,0.4217828,0.9042969,0.0037660024,4.0,-1.3406336,1.1604649,-0.40840814,-7.7271075,8.659367,1.1604649,9.591592,2.2728925,3.197198260967871,0.49832645578545787,4.386851553576852,1.009377339319219,3197.1982609678703,23.30034186232829,3235.210593484253,3164.5008483101647,0.10902785,0.7299922,1.0,-1.0,1000.0,0.0,1000,1000,10,1.1460549598823069,3.2222415465299297,0.7498121425888921,5.350068733277677,-1.4877786819583405,3222.241546529929,231.08137831495762,3431.7861778901206,2568.707364491244,0.055213895,0.8651909,1.0,-1.0,1000.0,0.0,1000,1000,3197.1982609678703,770,770000,775,134.41722351600038,6.051039868998487,13.266643078000925,153.7349064629998,11391.607387277963,76
0.014093809,0.020926362,0.4365806,0.90625,0.0035262294,4.0,-1.3112794,1.0914148,-0.37065607,-8.661836,8.688721,1.0914148,9.629344,1.3381643,3.4413816785700444,0.5725256481955753,4.776906326091651,1.0086789756353265,3441.3816785700446,22.153586882120166,3483.527028386474,3416.7203317831377,0.08166618,0.6652778,1.0,-1.0,1000.0,0.0,1000,1000,10,0.506624581782492,3.368699286496288,0.5655230835426653,5.139667434792804,0.9497841273426084,3368.6992864962876,43.80054772698306,3420.4295335940656,3287.08669579039,0.05658233,0.855602,1.0,-1.0,1000.0,0.0,1000,1000,3441.3816785700446,780,780000,785,134.70716354700198,6.08263459200316,13.177028833004442,153.96682697200959,11545.211027177971,77
0.015795391,0.025857892,0.41370362,0.9042969,0.004537642,4.0,-1.4277658,1.2008122,-0.3526768,-7.100457,8.572234,1.2008121,9.647324,2.8995428,3.194216022543525,0.47112425503872973,4.345247838084382,1.0124953990614933,3194.2160225435255,17.346512872663716,3215.163382973487,3158.794899374687,0.10611209,0.7222927,1.0,-1.0,1000.0,0.0,1000,1000,10,1.2403252159063736,3.097143805736016,0.9898780439182139,6.11835376660993,-0.565636443660608,3097.1438057360174,528.5939982738353,3537.6792615646236,1671.0041511400616,0.015124024,0.8674399,1.0,-1.0,1000.0,0.0,1000,1000,3194.2160225435255,790,790000,795,175.01645725299386,5.7196080169997,13.259082575998036,193.9951478459916,11739.579670791962,78
0.012323883,0.01966353,0.4250373,0.875,0.004568139,4.0,-1.5270615,1.5871241,-0.23505856,-7.6936045,8.472939,1.5871241,9.764941,2.3063955,3.357937918405392,0.515616847141645,4.9396286095487225,1.015196431675843,3357.9379184053932,13.240295989613445,3384.5067454781633,3332.5908296114385,0.12022983,0.7230819,1.0,-1.0,1000.0,0.0,1000,1000,10,0.9996968887332524,3.272508814025525,0.7120486178659546,5.712932245952378,-2.019171361697617,3272.5088140255248,187.37289847826955,3518.3216005846084,2835.6253883764707,0.048440136,0.85984474,1.0,-1.0,1000.0,0.0,1000,1000,3357.9379184053932,800,800000,805,135.66859961499722,6.094044610999845,13.21608880799613,154.9787330339932,11894.514499583958,79
0.015307702,0.02645091,0.43129602,0.90625,0.0030314252,4.0,-1.449797,1.4232763,-0.40180638,-7.4665155,8.550203,1.4232763,9.598193,2.5334845,3.3928309674795316,0.5394052602290884,4.785294135368726,1.0086191847490997,3392.830967479531,8.662177532175978,3410.130479654772,3379.2442157231776,0.15817586,0.7234704,1.0,-1.0,1000.0,0.0,1000,1000,10,1.1358791715566692,3.2778950338614807,0.8217247383879895,8.052688740446195,0.2125958470518038,3277.8950338614814,419.5794844570674,3617.417288677292,2038.2008789237298,0.078551844,0.8542005,1.0,-1.0,1000.0,0.0,1000,1000,3392.830967479531,810,810000,815,158.22564933700414,6.05146810199949,13.266601755007287,177.54371919401092,12072.118117021972,80
0.015564766,0.018325498,0.44450608,0.9003906,0.0031170892,4.0,-1.3262186,1.2805899,-0.18946622,-7.3245587,8.673781,1.2805898,9.810534,2.6754413,3.310209534093205,0.5077623465124739,4.619234268514642,1.010706059044468,3310.209534093204,24.379640026722356,3351.905808640145,3277.032708557268,0.14157525,0.70983285,1.0,-1.0,1000.0,0.0,1000,1000,10,1.1262878972228425,3.2943371384785736,0.6906991590591576,4.8787839481877615,-2.646537896089454,3294.337138478574,239.34042626398178,3624.85934692405,2636.670883297253,0.09077606,0.8595766,1.0,-1.0,1000.0,0.0,1000,1000,3310.209534093204,820,820000,825,142.26993721800682,6.1123861000014585,13.236869931999536,161.6191932500078,12233.719417828976,81
0.001390856,0.027347533,0.44443277,0.8847656,0.004575222,4.0,-1.5279515,1.6610012,-0.32756725,-8.149355,8.47205,1.6610012,9.672433,1.8506451,3.292398133185513,0.5317348557928827,4.5914489497543,1.0103675418152573,3292.398133185514,18.93675087911472,3331.3738272959827,3268.0880235049194,0.13265336,0.6789779,1.0,-1.0,1000.0,0.0,1000,1000,10,1.6374502651144178,3.1737636540428706,0.8220996441533658,6.523751196223145,-1.6912874388654644,3173.7636540428703,372.8316937358156,3419.7357019481174,2066.7200951466943,0.08688124,0.8683969,1.0,-1.0,1000.0,0.0,1000,1000,3292.398133185514,830,830000,835,137.26026605801235,6.096941636998963,13.225486687995726,156.58269438300704,12390.235853756982,82
0.0046709003,0.019316165,0.43489724,0.9121094,0.00307175,4.0,-1.3166251,1.1336509,-0.47779977,-8.148449,8.683374,1.1336509,9.522201,1.851551,3.232743279480213,0.5171551321255019,4.571313862465697,1.0083709743363778,3232.7432794802125,30.04408269990708,3267.3096248600773,3165.9428980134126,0.110223815,0.6846545,1.0,-1.0,1000.0,0.0,1000,1000,10,1.3640567663740013,3.2935760973839066,0.5237470770819161,4.884498133428899,0.9472580573425269,3293.576097383906,112.99531500938832,3588.3093349941455,3164.7503080253514,0.07577331,0.8548396,1.0,-1.0,1000.0,0.0,1000,1000,3232.7432794802125,840,840000,845,143.38793351699132,6.030441363000136,13.207672851011012,162.62604773100247,12552.867222048986,83
0.006992233,0.024942448,0.4358003,0.90234375,0.0031667594,4.0,-1.2578162,1.0314732,-0.2884168,-7.811472,8.742184,1.0314733,9.711583,2.188528,3.3092133092389524,0.5016483519106545,4.583963061671452,1.0052481768198056,3309.213309238952,18.184696972663858,3334.9984380633464,3275.8082586095657,0.13583791,0.66798544,1.0,-1.0,1000.0,0.0,1000,1000,10,1.3208157694232654,3.2196370469998286,0.9045615203283572,5.840552680356692,-2.092246041752425,3219.6370469998283,350.33400393931646,3454.726301686405,2246.265907275489,0.05520913,0.862362,1.0,-1.0,1000.0,0.0,1000,1000,3309.213309238952,850,850000,855,161.2147487949951,6.036489729001914,13.268447554997692,180.5196860789947,12733.377162487981,84
0.0071547925,0.020134179,0.4370696,0.89453125,0.003794046,4.0,-1.4544662,1.4556061,-0.39764008,-7.8002386,8.545534,1.4556061,9.60236,2.1997614,3.240272174431265,0.4972431253073969,4.515499393164568,1.007339622082445,3240.2721744312666,15.525872054624465,3273.8197475200054,3221.300105949315,0.104373224,0.65950704,1.0,-1.0,1000.0,0.0,1000,1000,10,1.4383688995621768,3.2567301568151716,0.6758242402151446,5.616123483919851,-1.7288792636446426,3256.7301568151715,231.4984770526645,3449.808415511823,2581.1531067808473,0.05940309,0.85906863,1.0,-1.0,1000.0,0.0,1000,1000,3240.2721744312666,860,860000,865,156.13281449200076,6.027387435999117,13.249841320997803,175.41004324899768,12908.836549943982,85
0.011901896,0.027704546,0.43871102,0.8925781,0.004074555,4.0,-1.7149998,1.7795409,-0.32991692,-7.4031334,8.285,1.7795409,9.670083,2.5968666,3.286361401776389,0.5085823739402824,4.498079099827557,1.0137776969571504,3286.361401776389,13.871495420462313,3305.2970712163155,3265.9518617408057,0.10341879,0.70765495,1.0,-1.0,1000.0,0.0,1000,1000,10,1.2001093969140515,3.0247420205842226,0.9994342779372549,5.794285571315421,-1.3422651706249187,3024.7420205842236,421.3753498977321,3341.8109287795955,2307.298746690207,0.01150485,0.8734767,1.0,-1.0,1000.0,0.0,1000,1000,3286.361401776389,870,870000,875,139.12303543300004,6.078524314001697,13.23486263200175,158.4364223790035,13067.226867252983,86
0.015366478,0.023039915,0.40128976,0.9199219,0.0033020414,4.0,-1.5616095,1.7200795,-0.4036305,-8.250824,8.438391,1.7200795,9.59637,1.749176,3.3185710752117172,0.5808187224457441,4.959117633506165,0.9954853988889633,3318.5710752117166,39.501681227524514,3379.9450848336896,3261.572808086884,0.06960739,0.67790365,1.0,-1.0,1000.0,0.0,1000,1000,10,0.6945753702056583,3.2714293956816225,0.6358840216579944,4.833419230363308,-0.49909820709841074,3271.4293956816223,79.54942289612097,3357.1277960239654,3105.161205592442,0.059227765,0.85396713,1.0,-1.0,1000.0,0.0,1000,1000,3318.5710752117166,880,880000,885,139.8487775270005,6.0326833889994305,13.251707898998575,159.1331688149985,13226.34958394598,87
0.0072674663,0.02938214,0.47312313,0.8925781,0.0032847547,4.0,-1.508743,1.5626525,-0.27853677,-7.3681016,8.491257,1.5626525,9.721463,2.6318984,3.2460525390003476,0.48210471167192825,4.4820812990965395,1.0072913288030867,3246.05253900035,27.59163726859732,3303.4543219652583,3213.1881921106137,0.1138332,0.6628053,1.0,-1.0,1000.0,0.0,1000,1000,10,1.6523317518236589,3.109548929504911,1.0382558253716874,7.028990899359474,-1.2982504468436593,3109.548929504909,375.32491435689593,3549.0712518560913,2374.8690845984656,0.042639747,0.860228,1.0,-1.0,1000.0,0.0,1000,1000,3246.05253900035,890,890000,895,146.1026885769934,6.024963479001599,13.22326258999965,165.35091464599464,13391.756387747973,88
0.0134531455,0.024117367,0.4330322,0.9042969,0.0031991778,4.0,-1.9827733,2.1016533,-0.24104197,-7.601182,8.017227,2.1016533,9.758958,2.398818,3.249787216930523,0.5144542739764607,4.565837085835341,0.9747824434480437,3249.7872169305238,21.30631145215329,3300.635843934349,3216.499488855951,0.083017156,0.6809588,1.0,-1.0,1000.0,0.0,1000,1000,10,1.7199537249798134,3.1028820575334675,0.8738680876535034,5.883057477026078,-3.8868780243296577,3102.882057533467,330.3168851977849,3410.9093211307004,2346.9606628159304,0.024517165,0.87404394,1.0,-1.0,1000.0,0.0,1000,1000,3249.7872169305238,900,900000,905,146.7820236859916,6.08153754399973,13.238348413000494,166.1019096429918,13557.78724003597,89
0.018968688,0.021503722,0.39947826,0.9121094,0.0061727995,4.0,-2.231216,2.4310236,-0.31216374,-7.991309,7.768784,2.4310236,9.687837,2.0086908,3.256773014155084,0.4902620222485695,4.413599971064847,1.010156815755738,3256.7730141550846,23.607758551301472,3290.836667996928,3226.6572733126964,0.12195112,0.726502,1.0,-1.0,1000.0,0.0,1000,1000,10,2.5361539102113304,2.6255171898723586,1.270663304453904,5.5063477422788765,-4.0718733750150555,2625.5171898723584,757.8378082792264,3416.4443203309975,1247.588169074996,0.03746297,0.8899103,1.0,-1.0,1000.0,0.0,1000,1000,3256.7730141550846,910,910000,915,153.3135355979939,6.011349140997481,13.246485175994167,172.57136991498555,13730.412466685957,90
0.008248357,0.02389981,0.3810854,0.9140625,0.003100715,4.0,-1.9024298,2.0672557,-0.31324583,-8.533642,8.097569,2.0672557,9.686754,1.4663582,3.2866012971806855,0.4781459113860909,4.8757529733696545,1.0144602116719532,3286.601297180685,30.55612722611674,3356.608056618215,3242.4726024291317,0.11590495,0.7068271,1.0,-1.0,1000.0,0.0,1000,1000,10,1.3999316779672883,3.1817061782123672,0.9298305208639279,7.285921876531738,-4.959053235838921,3181.7061782123674,276.1796548832701,3385.4632613273466,2377.494584005198,0.07039774,0.87489384,1.0,-1.0,1000.0,0.0,1000,1000,3286.601297180685,920,920000,925,147.606270192995,6.065307380002196,13.205051775006723,166.87662934800392,13897.259801086959,91
0.02313407,0.020347571,0.4025823,0.9140625,0.004743874,4.0,-1.2530049,0.94532245,-0.30942187,-7.826302,8.746995,0.9453225,9.690578,2.173698,3.146429361951676,0.44279680559501744,4.340392849446615,1.0116868042427585,3146.4293619516743,23.78156041062335,3186.4547195607283,3115.1041236245546,0.11786805,0.7406779,1.0,-1.0,1000.0,0.0,1000,1000,10,1.4350850548371723,3.1971745544071726,0.5825729595617312,4.710505966705499,-0.480467081950012,3197.1745544071728,165.45881502350477,3437.088769968481,2753.8312459757103,0.055891983,0.86868596,1.0,-1.0,1000.0,0.0,1000,1000,3146.4293619516743,930,930000,935,141.88175326100463,6.037076591001096,13.210101656004554,161.12893150801028,14058.39283645897,92
0.018611176,0.018764958,0.41783357,0.92578125,0.0031936318,4.0,-1.4542028,1.4124749,-0.23598571,-8.31862,8.545797,1.4124749,9.764014,1.6813803,3.261274599405786,0.48191077114744824,4.466167585251297,1.0076619099481112,3261.274599405785,15.018523359331663,3280.42293556211,3238.132214688789,0.12005401,0.7320109,1.0,-1.0,1000.0,0.0,1000,1000,10,1.1505127859206408,3.0751511987721285,0.8216421791304417,5.7752469001272395,-6.054169715717398,3075.1511987721306,329.7246893631044,3306.638728239107,2410.110080529195,0.053310286,0.8700817,1.0,-1.0,1000.0,0.0,1000,1000,3261.274599405785,940,940000,945,148.83712026899957,6.042435003000719,13.243214125992381,168.12276939799267,14226.542646970956,93
0.009506819,0.020487307,0.39351338,0.9316406,0.0035843432,4.0,-1.5580634,1.4451102,-0.3684782,-7.5893226,8.4419365,1.4451102,9.631522,2.4106774,3.2758624458717422,0.5116662392051903,4.551235188827442,1.0107540376424395,3275.862445871742,19.448624584645117,3308.081005930677,3239.715069740166,0.10627621,0.7257759,1.0,-1.0,1000.0,0.0,1000,1000,10,0.9752206707859914,3.019280066860412,1.112680153968453,5.404126515099506,-6.291690952566381,3019.2800668604104,547.5399097710051,3338.8197795609876,1757.9270354301373,0.050703898,0.8705934,1.0,-1.0,1000.0,0.0,1000,1000,3275.862445871742,950,950000,955,181.4975009249938,6.070066497999505,13.219001212990406,200.7865686359837,14427.27102552995,94
0.012543165,0.020386135,0.39740694,0.9160156,0.0034062504,4.0,-1.6092494,1.6903683,-0.2600644,-7.7272315,8.390751,1.6903683,9.739936,2.2727685,3.2749421059902577,0.5090376589017351,4.601792818833936,0.995231285694379,3274.942105990258,22.439290377179557,3303.9501767034294,3230.199453545899,0.1136155,0.7075874,1.0,-1.0,1000.0,0.0,1000,1000,10,0.6359481951753729,3.1589406157728064,0.8020753377642791,5.549688679082151,0.6232090298126162,3158.9406157728067,358.63599014880987,3422.247509587337,2140.0484869895186,0.005814803,0.86319375,1.0,-1.0,1000.0,0.0,1000,1000,3274.942105990258,960,960000,965,143.52449596299994,6.012428603000444,13.275261033002607,162.812185599003,14590.106377190947,95
0.02872978,0.019990362,0.4033116,0.9199219,0.0043822224,4.0,-2.036441,2.2234116,-0.2651115,-7.8219876,7.9635587,2.2234116,9.734888,2.1780124,3.168377534257083,0.4619023843148278,4.386903462936496,0.9874108292654751,3168.3775342570834,19.83156318121197,3196.1803812506723,3130.4284627370553,0.069884874,0.7178082,1.0,-1.0,1000.0,0.0,1000,1000,10,0.9507296205541794,2.859844853678009,1.061420759851149,5.777413114954022,-1.108391286499792,2859.844853678009,573.3720331981609,3333.6481060675073,1771.0111144952045,-0.05110419,0.8651044,1.0,-1.0,1000.0,0.0,1000,1000,3168.3775342570834,970,970000,975,203.06616044699695,6.037952552997012,13.246657290997973,222.35077029099193,14812.453591926944,96
0.011209407,0.020948203,0.38488764,0.9160156,0.0033934442,4.0,-1.8680447,1.9839886,-0.36677948,-7.8879933,8.131955,1.9839886,9.633221,2.1120067,3.2962182321279703,0.47766151267017537,4.51436955307507,1.0098113436108245,3296.218232127971,24.525378979954287,3333.165024213331,3256.1948407808427,0.05326293,0.6929033,1.0,-1.0,1000.0,0.0,1000,1000,10,0.8121560974195158,3.1558328693090245,0.7521541505418164,5.620019702586507,0.40936368759994873,3155.832869309024,394.188954002835,3404.3558991909254,1983.410081016616,0.010720909,0.8583804,1.0,-1.0,1000.0,0.0,1000,1000,3296.218232127971,980,980000,985,151.01828578799905,6.035229622997576,13.205737582004076,170.2592529930007,14982.719670754945,97
0.003055791,0.018609108,0.40521127,0.9003906,0.003989973,4.0,-1.7827044,2.0134861,-0.3808108,-7.713906,8.217296,2.0134861,9.619189,2.2860942,3.326988170071042,0.5154540441550133,4.558510361048141,1.0074061231920155,3326.9881700710416,17.73960917744847,3350.1985997352404,3295.9234803132213,0.076122664,0.69787425,1.0,-1.0,1000.0,0.0,1000,1000,10,0.794989386239373,2.9792124272134983,1.048786880824813,5.42558916017696,-0.6636363797888174,2979.212427213499,645.6808512503129,3386.989645220137,1528.062209035395,0.02053517,0.862034,1.0,-1.0,1000.0,0.0,1000,1000,3326.9881700710416,990,990000,995,154.59988640799565,6.042811907998839,14.4558852950031,175.0985836109976,15158.292922518951,98
0.0032843105,0.020914897,0.4184326,0.9042969,0.0031695399,4.0,-2.025783,2.2340665,-0.36343053,-7.748219,7.974217,2.2340665,9.636569,2.251781,3.227622239030459,0.4756263119672795,4.488387963267111,1.0075407631090707,3227.6222390304615,17.819947465436815,3260.7493132901523,3202.0863573491984,0.11438825,0.7194423,1.0,-1.0,1000.0,0.0,1000,1000,10,1.2473405121026273,3.0139710759654452,1.0310705375835354,5.3481355402330575,-0.7139199145133099,3013.971075965445,541.0385519311412,3380.8975038893955,1681.5405649970978,0.031486254,0.86341226,1.0,-1.0,1000.0,0.0,1000,1000,3227.6222390304615,1000,1000000,1005,190.41615908399763,6.519391516001633,14.521014972000557,211.45656557199982,15369.606947427954,99
0.008815623,0.020574968,0.4033783,0.9160156,0.0033930577,4.0,-1.9799404,2.1096315,-0.37478238,-8.087704,8.02006,2.1096315,9.625217,1.9122963,3.127099855805033,0.4548962988886816,4.361945359321616,1.0153836018224658,3127.099855805032,23.126816773597678,3163.004408858775,3083.39466038071,0.09287995,0.7160875,1.0,-1.0,1000.0,0.0,1000,1000,10,0.9142752969231634,2.915037143959655,1.054499300141077,4.926763493295646,-1.4647579489714102,2915.0371439596556,588.9536167443007,3384.6349995978912,1671.2414639430515,0.023780417,0.87800187,1.0,-1.0,1000.0,0.0,1000,1000,3127.099855805032,1010,1010000,1015,169.02327490899916,6.377009885000007,14.020061160004843,189.420345954004,15559.100437418954,100
