Disc CE Loss,Disc Acc,Grad Pen,Grad Pen W,Disc Rew Mean,Disc Rew Std,Disc Rew Max,Disc Rew Min,Reward Scale,QF1 Loss,QF2 Loss,Alpha Loss,Policy Loss,Q1 Predictions Mean,Q1 Predictions Std,Q1 Predictions Max,Q1 Predictions Min,Q2 Predictions Mean,Q2 Predictions Std,Q2 Predictions Max,Q2 Predictions Min,Alpha Mean,Alpha Std,Alpha Max,Alpha Min,Log Pis Mean,Log Pis Std,Log Pis Max,Log Pis Min,Policy mu Mean,Policy mu Std,Policy mu Max,Policy mu Min,Policy log std Mean,Policy log std Std,Policy log std Max,Policy log std Min,Test Rewards Mean,Test Rewards Std,Test Rewards Max,Test Rewards Min,Test Returns Mean,Test Returns Std,Test Returns Max,Test Returns Min,Test Actions Mean,Test Actions Std,Test Actions Max,Test Actions Min,Test Ep. Len. Mean,Test Ep. Len. Std,Test Ep. Len. Max,Test Ep. Len. Min,Num Paths,Exploration Rewards Mean,Exploration Rewards Std,Exploration Rewards Max,Exploration Rewards Min,Exploration Returns Mean,Exploration Returns Std,Exploration Returns Max,Exploration Returns Min,Exploration Actions Mean,Exploration Actions Std,Exploration Actions Max,Exploration Actions Min,Exploration Ep. Len. Mean,Exploration Ep. Len. Std,Exploration Ep. Len. Max,Exploration Ep. Len. Min,AverageReturn,Number of train calls total,Number of env steps total,Number of rollouts total,Train Time (s),(Previous) Eval Time (s),Sample Time (s),Epoch Time (s),Total Train Time (s),Epoch
0.73194224,0.1953125,0.88300574,4.0,-8.253624,1.7645147,-0.40515107,-10.000046,2.0,1.1029148,1.1039233,-5.118284,0.0050267666,0.023127617,0.010421867,0.048995845,0.0055341586,0.024082687,0.012118448,0.043018293,2.4135457e-05,0.19994000899928868,0.0,0.19994000899928868,0.19994000899928868,-0.18016869,0.36460355,1.0206742,-1.3127546,0.0036666158,0.004609808,0.016110899,-0.0063476083,0.0067357216,0.007374983,0.030766279,-0.0018601569,2.314750466274172,0.6998460151717445,3.467280183606342,1.0044744864115729,236.03404754576428,1.5934751042230695,239.27289740201877,232.83226776232232,0.0049760803,0.24451244,0.91894376,-0.57822573,101.96954314720813,0.5867282548954269,103,101,10,1.0873045971690067,0.7678813205371556,4.417734098517354,-3.608031042252304,1087.3045971690062,171.36418984964476,1370.6699710301793,832.6425963505029,0.036906827,0.63316095,0.999349,-0.99918646,1000.0,0.0,1000,1000,236.03404754576428,6,10000,10,110.2062496159997,0,10.309207479003817,120.51545709500351,133.29212435999943,0
0.019176148,0.9902344,0.00035710167,4.0,-8.46858,2.4090319,-0.6403545,-10.000046,2.0,8.094041,6.597662,1.3776078,316.54733,-315.91675,79.68449,-28.331347,-470.5811,-316.88568,80.440735,-28.892452,-479.33716,0.18795708083269386,0.0,0.18795708083269386,0.18795708083269386,3.8239787,2.7344317,12.067435,-3.8425899,-0.06220383,1.39779,2.5863066,-3.8999853,-0.50974345,0.15066554,-0.12135255,-1.3180118,1.0933684977709777,0.4985370229423494,1.962409609948045,0.36682236207322255,101.78497899016799,4.38151603760725,143.6575369503564,99.12766047424827,0.20114747,0.38018608,0.91095877,-0.8463844,93.09302325581395,5.711733958563953,146,91,10,1.0375112924360927,0.5832715035642899,4.685067773000976,-1.3129049381087243,1037.5112924360926,240.1364449680575,1505.559907618238,772.7302126867954,-0.04193855,0.71073365,0.99960023,-0.9999738,1000.0,0.0,1000,1000,101.78497899016799,16,20000,20,189.64189687999897,12.790065084998787,12.18244834899815,214.6144103139959,348.873897141988,1
0.022844413,0.9941406,0.019917673,4.0,-8.314961,2.5708652,-0.634205,-10.000046,2.0,36.778248,29.109024,0.073782295,699.4965,-697.88367,213.8187,-151.18211,-1133.9995,-699.0702,214.22295,-147.45403,-1134.5671,0.3939113518420678,0.0,0.3939113518420678,0.3939113518420678,3.079184,2.1364884,8.610904,-4.242681,0.13107045,1.1842163,2.617567,-2.401047,-0.55696166,0.26059306,-0.029798046,-1.4861629,1.9183611519457804,0.31701834771955095,2.6629198358854413,0.9536224399551659,196.9222316846087,1.4043262584361758,199.8729177423997,193.14041401816812,0.23895796,0.46330708,0.9931662,-0.83058095,102.65128205128205,1.2201033573014854,105,100,10,1.0806393328665027,0.6081230944429925,3.49998845122732,-1.2784729644209976,1080.6393328665024,235.172193197042,1325.5874486201474,678.1969164492477,0.032186437,0.60775334,0.9993197,-0.9983131,1000.0,0.0,1000,1000,196.9222316846087,26,30000,30,184.75373727400438,13.760256849993311,11.963236860989127,210.47723098498682,557.3976431109768,2
0.024325488,0.9980469,0.027915094,4.0,-7.744406,2.6883156,-0.555243,-10.000046,2.0,34.686905,43.576424,-0.05548773,1032.8141,-1034.5613,296.6992,-226.70872,-1726.3185,-1034.2775,296.85193,-233.46729,-1723.1051,0.5083064417697976,0.0,0.5083064417697976,0.5083064417697976,2.9179888,2.1979828,8.590466,-2.9470046,0.23773058,1.1244644,2.6121058,-2.3111758,-0.62192875,0.21913852,-0.15028864,-1.7990767,1.8465157415579647,0.2570158646988125,2.418641456108149,1.006961783751878,268.33352667538713,1.3075320213145685,271.27289575533257,265.4332935050272,0.05148298,0.2754299,0.98710406,-0.42975092,145.31884057971016,0.7120648403790287,147,144,10,1.1995639025962563,0.6647439131264816,3.697648029373624,-0.9355984140278298,1199.563902596256,123.91474758394793,1483.0535614399757,1084.117498805407,-0.08121564,0.5404929,0.9979848,-0.99958616,1000.0,0.0,1000,1000,268.33352667538713,36,40000,40,178.34572530800506,11.808029007996083,12.118468175984162,202.2722224919853,760.0822616019577,3
0.032495186,0.9941406,0.031872228,4.0,-7.6873074,2.760343,-0.8030027,-10.000046,2.0,87.91244,83.53794,-0.19239247,1067.0406,-1078.222,309.18323,-256.49026,-1704.5161,-1076.6003,309.18964,-253.89807,-1700.5164,0.5218579941885556,0.0,0.5218579941885556,0.5218579941885556,2.7039561,1.9469374,9.327651,-3.6433148,-0.07166384,1.033301,2.7449234,-2.657165,-0.79578257,0.3120293,-0.20879114,-2.1389716,1.0996897376270505,0.23910064929801414,1.9542477971435224,0.7831961401829594,580.4625462453521,436.65207952903603,1041.236229454641,164.46051285312575,0.25203058,0.45283824,0.97573227,-0.7571678,527.8421052631579,447.928831654256,1000,102,10,1.1305651533934324,0.47897550387135107,3.181731969196112,-0.835692409866832,1130.5651533934329,45.164718777494464,1191.2425439766678,1031.1122109291446,0.024699103,0.64469904,0.9999684,-0.9999999,1000.0,0.0,1000,1000,580.4625462453521,46,50000,50,174.33611649599334,12.218016206999891,12.260205654005404,198.81433835699863,958.7252409029461,4
0.029032916,1.0,0.070680805,4.0,-5.933075,3.1276171,-0.5328833,-10.000046,2.0,91.1102,33.566784,0.095899805,1124.8915,-1121.0964,335.10886,-346.09628,-1760.5167,-1123.5818,334.6008,-345.21216,-1764.9459,0.6473050916124381,0.0,0.6473050916124381,0.6473050916124381,3.2203138,2.1082559,9.860452,-2.5477328,0.2955195,1.1189198,2.8739395,-1.9889576,-0.82679063,0.28603292,-0.15455577,-1.868755,1.4591405679073364,0.25997359365208206,2.2233108473666383,1.0084176405079537,335.90422177066813,2.962225623790495,348.75612517700625,329.89174589231544,0.03519767,0.2968945,0.9900699,-0.8105855,230.20689655172413,3.543288721838788,241,223,10,1.0533093624973424,0.21387566164122618,2.8330006441971785,0.4880288522611609,1053.3093624973426,28.860283969379545,1138.2704828187425,1031.962889372886,0.17656231,0.47606125,0.9995468,-0.9758093,1000.0,0.0,1000,1000,335.90422177066813,56,60000,60,170.47178048300702,12.04205653599638,12.047775337996427,194.56161235699983,1153.5517892979478,5
0.037531845,0.9980469,0.023980584,4.0,-5.8694253,3.0778818,-0.6499249,-10.000046,2.0,11.299049,23.418253,0.026908262,890.14526,-886.5193,412.6076,-393.78775,-1630.4243,-886.05145,412.11313,-389.1634,-1630.5543,0.614628891435393,0.0,0.614628891435393,0.614628891435393,3.0552819,1.8022996,7.4426455,-2.5759172,0.3764679,0.9772387,2.3276355,-2.0095823,-0.85223037,0.3258213,-0.18702562,-1.921448,2.0766916568873586,0.5318890996001653,3.143987798054927,1.006100027943175,348.0362159305139,2.1161274539537196,354.23041797738875,343.2409538464105,-0.04062393,0.3602615,0.9851869,-0.89305377,167.59166666666667,1.172574328371364,171,165,10,1.1683390973839627,0.4508988253112367,4.054277316174287,-0.3480709592696043,1168.3390973839628,46.371637356865925,1219.3019650747685,1070.3786902903312,-0.039280813,0.58447826,0.9997174,-0.9998972,1000.0,0.0,1000,1000,348.0362159305139,66,70000,70,172.1781622790004,12.317113789998984,12.156941832014127,196.6522179010135,1350.3946704909467,6
0.035546463,0.99609375,0.00865663,4.0,-7.234787,2.8803806,-0.2998194,-10.000046,2.0,37.800858,55.20668,-0.025808118,846.28424,-861.59625,396.8272,-409.9103,-1613.1895,-863.52563,398.1707,-407.91586,-1594.4451,0.5738037323892595,0.0,0.5738037323892595,0.5738037323892595,2.953536,1.9554902,10.389378,-4.037157,-0.028047666,1.1033719,2.5895057,-2.0671363,-0.83986354,0.31632486,-0.14556119,-2.1485476,1.8841034457087042,0.4635454790209751,2.8822923002638463,1.0081243206364825,399.1721058082009,1.811082488918939,403.22942926979493,394.2825725941306,0.019064674,0.21840136,0.9882699,-0.7906155,211.86315789473684,1.227839577347477,215,209,10,1.1628880578705356,0.5053106642749585,3.44340486289972,0.30675037630071755,1162.8880578705346,49.28241526112568,1207.1274236687807,1020.8287036113921,-0.18386228,0.5540458,0.9991984,-0.9974337,1000.0,0.0,1000,1000,399.1721058082009,76,80000,80,168.10335964100523,12.510130720998859,12.134953859000234,192.74844422100432,1543.356106532934,7
0.034092724,0.9941406,0.0200844,4.0,-7.1192627,2.3408756,-0.70105994,-10.000046,2.0,14.21185,8.048162,-0.38684475,1238.1335,-1234.3076,352.61356,-413.98123,-1643.0764,-1236.5278,353.61328,-416.8429,-1643.6069,0.4137881079882429,0.0,0.4137881079882429,0.4137881079882429,2.5612924,1.9197552,6.917118,-4.1751904,-0.37597486,0.901286,1.935021,-2.3062205,-0.8295622,0.34452006,-0.20587614,-2.051726,2.1042314471924914,0.5250248638629114,3.0807693973730066,0.8064925870864021,334.30559611031185,1.490131088507639,338.2816115429806,331.91587199571256,0.062607355,0.30076036,0.9995361,-0.93143,158.87301587301587,0.7764809402307941,161,158,10,1.1461404178935324,0.5239558303550843,3.5458389248544404,0.08535672948400234,1146.1404178935322,53.13968141021976,1192.1992388588517,995.2712380693496,-0.1222011,0.45354915,0.9997672,-0.99999404,1000.0,0.0,1000,1000,334.30559611031185,86,90000,90,167.52592884300975,12.72377380499529,12.13402666598995,192.383729313995,1735.854119491938,8
0.03306199,0.99609375,0.00034144055,4.0,-7.3067865,2.6567318,-0.6033089,-10.000046,2.0,13.571083,9.881634,-0.045245007,1339.237,-1342.9562,222.54564,-395.24945,-1664.9031,-1339.6022,222.9768,-395.30084,-1663.0123,0.3259921581270594,0.0,0.3259921581270594,0.3259921581270594,2.9596322,1.6652055,9.985867,-5.009804,-0.24527276,0.8687079,3.7023408,-3.2122495,-1.1032335,0.38112193,-0.18226326,-2.4429405,1.3657790172209507,0.19289918634469866,1.615757449853302,0.9732529381587552,64.46863502514177,0.45308965287056513,65.79776356724172,63.929490810591496,0.3764465,0.44561705,0.98549485,-0.5620897,47.20283018867924,0.40210707932040574,48,47,10,1.091287377412939,0.5415856604678314,4.114292246865188,-1.2366141200695286,1091.287377412939,91.0183724291369,1229.0231284168997,951.2135056097709,0.047279987,0.6647075,1.0,-0.9999708,1000.0,0.0,1000,1000,64.46863502514177,96,100000,100,171.29752593999,12.838718200997391,12.462780030982685,196.5990241719701,1932.6973214128957,9
0.037560552,0.9921875,0.004456724,4.0,-7.939421,2.684856,-0.42024726,-10.000046,2.0,58.961716,53.229145,0.13518837,1138.3252,-1132.604,318.1864,-430.93982,-1724.2289,-1132.8602,316.6435,-426.57465,-1720.5822,0.8209756038977681,0.0,0.8209756038977681,0.8209756038977681,3.6832163,1.9911147,10.295015,-2.2666366,0.045375567,1.31222,2.479242,-2.5052087,-0.64113283,0.27333635,-0.06391752,-2.38906,1.020053129753127,0.31925753080747143,1.914820012590416,0.265210926915835,1020.0531297531272,3.251979657844552,1025.2145266508048,1013.2433397286702,0.2754695,0.5027213,0.99946105,-0.7748199,1000.0,0.0,1000,1000,10,1.1499605536183894,0.4327652098436785,3.1347707070769655,-0.23757170191098967,1149.9605536183892,66.0066374353287,1251.6930305684061,1009.3960616328801,-0.04779946,0.6364728,0.99998105,-0.9999845,1000.0,0.0,1000,1000,1020.0531297531272,106,110000,110,166.16218724298233,13.082777997995436,12.174052646994824,191.4190178879726,2124.2559185618666,10
0.03820911,0.9941406,0.040797528,4.0,-7.474058,2.774032,-0.5260267,-10.000046,2.0,53.612717,50.186287,0.104887344,1020.55396,-1016.5035,432.37924,-148.20288,-2156.5981,-1017.56494,432.1007,-148.08757,-2151.0378,0.530400478732929,0.0,0.530400478732929,0.530400478732929,3.1653476,1.9859427,8.932968,-2.0415711,0.22814904,1.0876583,3.373201,-2.4612594,-0.81284755,0.31632227,-0.27999008,-2.022775,2.1312408318230864,0.485679813967429,3.2156022623307905,0.9491855480330145,330.09641652890656,1.4389547915290648,334.64826861319506,326.12009895701647,0.049240805,0.33281422,0.9884825,-0.9908424,154.8846153846154,0.423076923076923,156,154,10,1.162196633674356,0.5098232178229932,3.6916384664445956,-0.39191570054491076,1162.1966336743565,58.32597344015839,1204.7632950491068,996.2652001643636,-0.09512134,0.597788,0.99992675,-0.99993,1000.0,0.0,1000,1000,330.09641652890656,116,120000,120,165.40512028299418,13.216307604998292,12.178407878993312,190.79983576698578,2315.4003366848483,11
0.034141723,0.9980469,0.04744342,4.0,-7.335148,2.6492603,-0.61229396,-10.000046,2.0,218.39484,70.67645,0.005355688,1242.9933,-1210.0616,453.9476,-242.77524,-1956.7334,-1220.1221,458.34128,-240.62459,-1966.9347,0.5811644838652936,0.0,0.5811644838652936,0.5811644838652936,3.0098667,1.9741739,8.633109,-3.1517563,0.19849902,1.1567856,2.4658248,-3.5779533,-0.6729779,0.33061036,-0.005370885,-1.9652936,1.9243732459726999,0.5042673351919633,3.097505200195131,0.44620393081716964,388.62717702418666,30.309234018067308,552.0428060114683,374.17923465112904,0.038230393,0.391285,0.970393,-0.9657071,201.95,30.930688644128182,368,187,10,1.1311117361624246,0.6258357498616443,3.6115672757111925,-1.0701268350093418,1131.1117361624251,71.37192867417079,1224.9493758948117,975.4067915909231,-0.11157892,0.5292478,0.99962556,-0.99978936,1000.0,0.0,1000,1000,388.62717702418666,126,130000,130,165.67211230601242,13.570696172995667,12.02576895099628,191.26857743000437,2506.928448538849,12
0.030614004,0.9980469,0.0043066232,4.0,-7.0858326,2.360443,-0.44808638,-10.000046,2.0,30.462128,26.995642,-0.01091896,1240.2223,-1234.2734,352.5218,-306.01324,-1612.9818,-1235.468,352.7566,-308.96735,-1616.1074,0.8383966571273047,0.0,0.8383966571273047,0.8383966571273047,2.938067,2.3757114,8.527991,-8.54065,0.28994152,1.1573281,2.2804108,-2.8937726,-0.6197472,0.23841535,0.07773852,-1.5630744,1.1758602848984834,0.42135443428494795,2.392725303830805,-0.601500002440111,447.04876869253667,109.66320229697381,575.8604349588624,244.35210138628298,0.03287101,0.3174171,0.9895419,-0.9388973,380.188679245283,51.51554321362854,453,266,10,1.1019650891784707,0.5395595152303474,3.286830473297237,-2.122306499735962,1101.9650891784706,105.8318054501684,1187.4504774088114,836.9396352977512,-0.08925587,0.51891077,1.0,-0.99998635,1000.0,0.0,1000,1000,447.04876869253667,136,140000,140,165.92339100800018,13.82349915499799,12.076664377978886,191.82355454097706,2698.82565197083,13
0.027701141,0.99609375,0.00048819638,4.0,-7.151267,2.3031116,-0.6805004,-10.000046,2.0,34.090046,31.352482,-0.13397789,1254.3552,-1263.6179,323.42407,-359.77866,-1779.7655,-1260.887,323.00314,-361.0858,-1776.0121,0.4536336186161807,0.0,0.4536336186161807,0.4536336186161807,2.83044,2.1096559,11.38936,-5.4117007,-0.1876439,0.89240146,2.6585577,-3.4391336,-0.99796265,0.41871002,-0.16549954,-2.978159,1.3577432481954093,0.5103551667973875,3.1959180859926266,0.48523092931222217,604.0147130138644,119.60158818284413,892.1714099341965,456.85054205689585,-0.01706359,0.1995038,0.9175354,-0.90580314,444.8666666666667,117.88084379293072,708,304,10,1.178159388294827,0.5513434793364377,3.877116816459234,0.06501244997043054,1178.1593882948268,46.14215001186222,1245.5691944890095,1060.8243335457903,-0.15032856,0.43694538,0.9992755,-0.9966535,1000.0,0.0,1000,1000,604.0147130138644,146,150000,150,167.1834408799914,13.91314775399951,12.102003590000095,193.198592223991,2892.2064481528214,14
0.025272276,1.0,0.0047897724,4.0,-5.9547257,2.6625426,-0.4802875,-10.000046,2.0,27.997028,28.482883,-0.022391222,1295.3901,-1287.0481,321.84363,-412.64896,-1652.4032,-1285.895,321.62393,-411.65356,-1657.4642,0.40316349851077665,0.0,0.40316349851077665,0.40316349851077665,2.9753528,2.0114393,11.883897,-1.5087073,-0.30251276,0.9054966,4.226857,-2.422316,-1.0301633,0.41398692,-0.02382958,-2.694766,1.671022658765848,0.4031635349327668,3.164292734945329,0.9519709493448414,350.51440916216546,20.63943379374961,378.6435667996163,322.70589074925726,-0.027673677,0.26867026,0.9624874,-0.93174,209.76041666666666,7.769792993363609,221,198,10,1.155335063027528,0.6260558337433877,4.769334761473309,-3.4776615517929343,1155.3350630275281,170.24995298809242,1572.8389114941817,1011.0029348373181,-0.018132472,0.467454,0.9999984,-0.9999995,1000.0,0.0,1000,1000,350.51440916216546,156,160000,160,168.6542004829971,14.096241580999049,12.11557261600683,194.866014680003,3087.540007504831,15
0.03657323,1.0,0.028489243,4.0,-6.69403,3.0093913,-0.9155134,-10.000046,2.0,83.06203,81.45815,0.021575134,1083.9668,-1082.9061,449.89114,-472.97894,-2355.3208,-1087.3293,450.05844,-475.25284,-2350.0295,1.0969698800633898,0.0,1.0969698800633898,1.0969698800633898,2.7675023,2.0103443,9.52375,-3.1567736,-0.11017702,1.0811995,2.6861286,-2.4091613,-0.7589764,0.2826401,0.013692796,-1.6952139,1.9413616104206166,0.371802338018688,2.854485103629202,0.95886263155695,297.2061610456906,1.06412420167502,300.22262587839947,295.33163602744526,0.060868658,0.2871558,0.94111544,-0.91081774,153.0916030534351,0.2884647882090257,154,153,10,1.1365867601596866,0.7856904785089204,4.185376280833601,-1.9884321568137606,1136.5867601596867,86.71762043830925,1210.7693080354936,933.5721460473603,-0.07289636,0.50103194,0.99749976,-0.9991481,1000.0,0.0,1000,1000,297.2061610456906,166,170000,170,164.9361014659953,14.566415836001397,10.938058179992368,190.44057548198907,3278.280270063835,16
0.03891793,1.0,0.05146812,4.0,-7.6124325,3.0856962,-0.8420971,-10.000046,2.0,31.611263,41.193306,-0.0033548512,1103.9161,-1103.0151,466.41528,-472.4375,-2148.0608,-1099.4895,464.80493,-461.64526,-2132.9421,0.7327230038361935,0.0,0.7327230038361935,0.7327230038361935,2.9892135,1.8442626,9.675697,-2.991396,0.117150396,1.049354,2.5838792,-3.0996342,-0.8585341,0.36377063,-0.17011806,-2.1551626,1.0338941736059077,0.17122568997059698,2.1218782924359725,0.4243133504701746,1033.894173605908,0.5174347641585103,1034.7062375747123,1032.5952175790314,-0.0329322,0.10314447,0.9287166,-0.87466645,1000.0,0.0,1000,1000,10,1.1243699745040494,0.7084290003835622,4.723867572844364,-4.292683003349161,1124.369974504049,105.62549749840585,1316.1735629105672,920.2055747646633,-0.05217252,0.5901585,0.9990065,-0.99922657,1000.0,0.0,1000,1000,1033.894173605908,176,180000,180,167.27292193202447,14.864548796002055,11.99973848699301,194.13720921501954,3472.6282057828357,17
0.036247365,0.9980469,0.05554878,4.0,-6.739523,3.128686,-1.0220163,-10.000046,2.0,31.839367,32.49469,-0.009803984,1193.9126,-1196.7424,465.17484,-409.13907,-2296.0083,-1197.8956,465.28122,-422.93668,-2298.0593,0.9041019889014836,0.0,0.9041019889014836,0.9041019889014836,2.9025896,2.0419297,8.477473,-2.9272285,-0.077328235,1.0897124,2.502378,-2.7738194,-0.79733163,0.30657193,-0.30204773,-1.9842169,1.009612342588968,0.1292817081928267,1.9872603706366414,0.4417681095788722,1009.6123425889679,0.5203597405327127,1010.5265221867368,1008.3903065804515,0.18048397,0.2841595,0.97101885,-0.50384355,1000.0,0.0,1000,1000,10,1.0222252427785563,0.4977473688732596,3.6080526905690706,-1.6592364601642275,1022.2252427785564,134.1633032274018,1207.5721240044666,777.3637074584099,0.16882437,0.5028296,1.0,-1.0,1000.0,0.0,1000,1000,1009.6123425889679,186,190000,190,167.67093345900503,15.06846231000236,11.972207336992142,194.71160310599953,3667.250044255852,18
0.042049672,0.9902344,0.008947421,4.0,-4.357169,2.1587288,-0.9546119,-9.661494,2.0,27.213085,28.79309,-0.011494402,889.2463,-891.87177,537.86884,-284.92126,-2185.264,-892.2023,537.37366,-297.64673,-2191.1116,0.779957668740063,0.0,0.779957668740063,0.779957668740063,2.9537442,2.0173855,9.847205,-3.1627297,-0.008167918,0.92925906,2.275925,-2.309774,-1.0038096,0.48983103,-0.17625082,-2.227252,1.0574114344277656,0.15548635582822992,1.7710403729677133,0.8493425504964924,1057.411434427766,1.3020426895286676,1059.8721136451084,1055.446428849637,-0.056212377,0.17130744,0.8734757,-0.8676645,1000.0,0.0,1000,1000,10,1.0538363757423237,0.25346915997702535,3.185425168931317,-0.16152625835743023,1053.8363757423235,39.74915445608085,1160.5821721115278,1000.395536667653,0.014408528,0.3804472,0.99969316,-0.99959207,1000.0,0.0,1000,1000,1057.411434427766,196,200000,200,167.10692377699888,14.989731369001674,11.870243568977457,193.96689871497802,3861.361564911829,19
0.04390445,0.9941406,0.00084669946,4.0,-4.406335,2.3629134,-0.9496693,-10.000046,2.0,21.279951,24.404835,-0.122588955,658.964,-662.479,343.16785,-333.17758,-1510.3026,-661.14636,342.34973,-334.4844,-1508.5103,0.5614842012029502,0.0,0.5614842012029502,0.5614842012029502,2.787467,2.1740794,10.546785,-4.689636,0.09077861,0.94257706,2.6557698,-2.4569533,-0.9881654,0.42442012,-0.08896494,-1.9513257,1.0032831100624493,0.3967852533175387,2.0204573357928832,0.3940719682192734,1003.2831100624495,1.887214382394071,1005.7042128860002,998.0626784608786,0.14657325,0.36856928,0.871863,-0.9890074,1000.0,0.0,1000,1000,10,1.1674884384614133,0.5386450777351329,3.9319516103803074,-0.18121006632879832,1167.488438461412,43.90415722635661,1241.433753793576,1066.3384509362163,-0.08080973,0.48001114,0.99961305,-0.9986275,1000.0,0.0,1000,1000,1003.2831100624495,206,210000,210,166.15805759101204,15.125643897001282,11.955661951993534,193.23936344000685,4054.6146438288415,20
0.048546363,0.9921875,0.004692903,4.0,-5.3524323,2.6609209,-0.8113968,-10.000046,2.0,9.160278,10.312594,0.06784748,793.7,-793.0364,403.53116,-392.21814,-1837.7162,-795.5822,404.6748,-399.4754,-1851.2146,0.4905614947517991,0.0,0.4905614947517991,0.4905614947517991,3.0952377,1.9311982,8.338825,-5.213051,-0.22233117,1.0085013,2.3987072,-3.1172814,-0.96887255,0.37529364,-0.12247032,-1.9767237,1.529678826977042,0.634344892860775,3.2921013975246645,0.5223466384026805,517.9492508144265,1.5334830940902187,521.8549361367628,514.1294873068672,0.0100910235,0.25032967,0.96458745,-0.9987642,338.6,0.916515138991168,341,336,10,1.1382709970642124,0.5042745070645425,4.141551238769211,-0.3852874199243927,1138.2709970642131,62.45308356016382,1185.933146757485,971.1662595628073,-0.0678565,0.4690385,0.99739015,-0.9999501,1000.0,0.0,1000,1000,517.9492508144265,216,220000,220,165.32970402698993,15.150847488999716,11.890364196013252,192.3709157120029,4247.257569034853,21
0.0426044,0.99609375,0.0005657964,4.0,-5.8392916,2.4988525,-1.0868881,-9.986461,2.0,13.132935,17.23759,-0.23650205,1044.8934,-1041.2897,432.98392,-387.4783,-1662.1918,-1039.4623,432.64218,-385.35098,-1659.5995,0.28804940686033753,0.0,0.28804940686033753,0.28804940686033753,2.8099284,1.801862,10.118131,-2.5038056,-0.054504503,0.8187999,2.7391806,-3.2000744,-1.1479791,0.35254705,-0.259852,-2.1365013,0.7781815562113215,0.14160759226011607,1.2776371791140306,0.5810096880734283,13.808583359154087,1.0270962632693161,17.05882634850812,12.523780265621337,0.3374841,0.46885097,0.9620907,-0.71867955,17.74468085106383,0.7732610811119335,20,17,10,1.0708124088350195,0.4816641953741512,4.180321504903332,-1.2087834641264257,1070.81240883502,140.7320486983543,1184.1243597002426,803.86559875811,-0.008300869,0.5403376,0.9999929,-0.99969137,1000.0,0.0,1000,1000,13.808583359154087,226,230000,230,163.04006673301774,15.424097269999038,11.937063670025964,190.40122767304274,4437.084903419913,22
0.04427333,0.9921875,0.00051626103,4.0,-5.4543753,2.5533,-1.0916712,-10.000046,2.0,15.126721,20.769073,-0.1395997,1097.7756,-1101.9253,414.3696,-439.24847,-1606.2318,-1101.3708,414.5565,-443.4843,-1604.166,0.26203250220090796,0.0,0.26203250220090796,0.26203250220090796,2.895749,1.9454842,10.559093,-4.2949157,-0.044567604,0.78324074,3.032926,-2.5111759,-1.2051486,0.36614403,-0.47360265,-2.2272563,1.72940482527483,0.4629682250636489,3.733195258597485,0.8049447796925817,389.09665417194594,28.626836077013444,448.88707263214076,332.4739006860157,-0.044569544,0.31703645,0.977063,-0.996939,224.98876404494382,18.899791558224265,280,195,10,1.1208431274221922,0.396940167676529,3.590742832296323,-0.280695075256645,1120.8431274221925,78.63327247955911,1189.5547522504667,1001.7050284694164,-0.048429575,0.42710537,0.9948866,-0.99947107,1000.0,0.0,1000,1000,389.09665417194594,236,240000,240,165.47547213303187,14.85208402400167,11.92637336198095,192.2539295190145,4629.896212907908,23
0.03925987,0.99609375,0.00066513265,4.0,-6.018387,2.679799,-1.062083,-10.000046,2.0,4.127304,6.419362,0.002753403,1069.4718,-1069.385,436.06378,-484.93112,-1603.2004,-1067.226,435.33716,-484.53583,-1598.9169,0.3320924049709457,0.0,0.3320924049709457,0.3320924049709457,3.002498,2.197493,10.292982,-1.446913,0.060821664,0.8942383,2.8726192,-2.3413963,-1.1464843,0.45060682,-0.31887522,-2.2825427,1.7014570866759056,0.5424340950966728,3.17631251139925,0.9935107967467363,421.91934620953384,3.3199735569741624,428.35743811048013,414.1919786291084,-0.0012125631,0.27776095,0.86367506,-0.95361495,247.97530864197532,3.001955365399566,253,241,10,1.1257926214618903,0.429023529135955,3.66762034626221,-1.4047593710485453,1125.7926214618903,85.20984269110745,1221.919008375613,985.0445194862882,-0.12747574,0.6055227,1.0,-1.0,1000.0,0.0,1000,1000,421.91934620953384,246,250000,250,165.0534444199875,15.410103920999973,12.093735671005561,192.55728401199303,4822.463632136896,24
0.042439498,0.9921875,0.032132626,4.0,-6.663559,2.6525757,-0.7672754,-10.000046,2.0,9.007818,8.351829,-0.15355295,1192.0029,-1197.2126,490.0554,-500.75867,-2261.2695,-1195.8259,489.29288,-502.03592,-2255.6306,0.33751943209524093,0.0,0.33751943209524093,0.33751943209524093,2.8585956,2.1984022,11.48597,-1.5480936,0.04311871,0.8849211,2.9017913,-2.75175,-1.1009239,0.47535023,-0.3485617,-2.6269298,0.9799877795226317,0.0692023801380927,1.0639694221853766,0.4962727195392404,979.9877795226319,0.7700860378693497,980.9776371741115,978.7871612750928,0.55756974,0.3758805,0.99818313,-0.7530868,1000.0,0.0,1000,1000,10,1.1110330166773459,0.4474197465784213,3.9290548588271395,-1.441054719033506,1111.033016677346,102.97688236533098,1210.1032427722268,974.6634515546601,0.0033100748,0.5819926,1.0,-0.9999921,1000.0,0.0,1000,1000,979.9877795226319,256,260000,260,165.29313332299353,15.421956124002463,11.9271812290026,192.6422706759986,5015.340448854899,25
0.03484392,0.9902344,0.008386824,4.0,-5.7517595,2.418197,-0.9708537,-9.530025,2.0,20.661026,20.223925,0.19056654,1178.131,-1175.889,476.5576,-490.1462,-2063.2678,-1176.7341,477.0546,-484.81384,-2066.2922,0.41175076248718695,0.0,0.41175076248718695,0.41175076248718695,3.2146792,2.1518295,10.292134,-3.4753544,0.08877621,0.97137594,3.0891125,-2.6602786,-1.0831906,0.4073573,-0.18748868,-2.3948326,1.179498079595677,0.3188023475107315,3.1832855126494652,0.6875895717222777,804.8108563107838,229.98100250764966,1117.9987506361888,502.2973495934598,0.05700347,0.30345023,0.98827964,-0.96942073,682.3333333333334,278.0116704185076,1000,335,10,1.1533289594032459,0.41060439364974044,3.44253491005076,0.22465379938863445,1153.3289594032462,65.55596744109701,1208.4224952563534,998.1338259079381,0.0577073,0.51520824,0.9993023,-0.9947295,1000.0,0.0,1000,1000,804.8108563107838,266,270000,270,165.29649400800554,15.655928198000765,11.941880995007523,192.89430320101383,5208.469932723921,26
0.03335136,1.0,0.0007199771,4.0,-5.5761576,2.6549346,-0.8077715,-10.000046,2.0,13.011743,14.528273,-0.05068998,1160.6135,-1156.2584,491.26913,-498.93396,-1984.1139,-1154.2883,490.3433,-499.87866,-1977.9688,0.5254104630491399,0.0,0.5254104630491399,0.5254104630491399,2.9212236,2.608803,11.063257,-3.7150686,0.17192394,1.0253171,3.4702609,-2.6585016,-0.90938926,0.29259846,-0.12703043,-2.4941165,1.3660555007446338,0.3365489380606839,2.0589713716477975,0.7113101644438865,431.03319971933024,23.910429183129686,591.0730227757301,364.51614035371915,0.02906522,0.2955641,0.97269285,-0.9349704,315.53125,23.906045750761457,481,257,10,1.126120407354911,0.4012091108565891,3.9409130344546544,-0.09743995386961059,1126.120407354911,85.94398581883773,1219.3555789573625,1008.4519382307574,0.034252755,0.48940232,0.99876916,-0.9969397,1000.0,0.0,1000,1000,431.03319971933024,276,280000,280,165.26949293100188,15.892915800002811,11.930424998994567,193.09283372999926,5401.185087518919,27
0.044108376,0.9902344,0.00064228516,4.0,-6.0258183,2.6017175,-0.7243782,-10.000046,2.0,6.1541557,14.626532,-0.42644435,1160.5691,-1161.1343,486.62643,-479.13232,-1863.9558,-1165.345,487.79947,-478.4859,-1872.431,0.3367058716050586,0.0,0.3367058716050586,0.3367058716050586,2.608059,1.9453053,8.849777,-1.7203414,-0.110111214,0.7892079,2.4466624,-2.9929688,-1.0748057,0.38849536,-0.363734,-2.3287385,1.2607268388946669,0.3902960805048286,2.6145851104168787,0.7662716344859446,704.6412423722109,220.4456345209205,1145.7432283592668,455.74111231400985,0.024194347,0.32354426,0.9980992,-0.99608576,558.9166666666666,242.9704343010574,1000,297,10,1.174813981320141,0.41457257823228333,3.142611864764784,0.12856691691719,1174.813981320141,28.978526687401317,1201.7544814654243,1095.0194135821996,-0.086532384,0.46514064,0.99956757,-0.99998516,1000.0,0.0,1000,1000,704.6412423722109,286,290000,290,165.08877201701398,15.517520787994727,11.960258640006941,192.56655144501565,5593.909219792928,28
0.037955496,1.0,0.0008341183,4.0,-5.916109,2.678622,-0.626934,-10.000046,2.0,16.673368,5.52763,0.0115611255,1236.67,-1242.5664,466.14056,-412.57272,-1753.5361,-1237.4208,464.39972,-408.7937,-1747.8136,0.21768606222631906,0.0,0.21768606222631906,0.21768606222631906,3.0075824,2.1495032,9.196443,-2.6254845,0.019286707,0.8213615,2.8087344,-3.2999508,-1.2292031,0.46759316,-0.2675327,-2.66372,1.2770390951630748,0.30389751734288933,2.1417498007830322,0.8733376970348681,458.4114266244308,285.1030626930881,1065.4555412829768,254.75429228268152,0.011976568,0.30176902,0.99643433,-0.9723113,358.9642857142857,299.71241956044383,1000,180,10,1.2088388287549232,0.4056365729867851,3.3503331000255643,-0.978908833791704,1208.8388287549233,76.89612449975523,1316.4608581535326,1019.1703602785009,-0.018325204,0.44163036,0.99999875,-0.9998357,1000.0,0.0,1000,1000,458.4114266244308,296,300000,300,165.13217309400352,15.67662317900249,11.899808185997244,192.70860445900325,5786.555954265947,29
0.047086034,1.0,0.004897536,4.0,-5.423206,2.9035103,-0.7129667,-9.9381485,2.0,17.082113,36.311035,0.09651372,1233.6299,-1228.9692,470.77023,-449.20056,-1764.6741,-1228.0565,470.09747,-450.3154,-1761.7,0.2688306175807937,0.0,0.2688306175807937,0.2688306175807937,3.0734622,2.2682576,14.089706,-2.5746322,-0.065948226,0.8930751,5.101366,-2.735387,-1.1484884,0.45827028,0.028641462,-2.8950596,1.5139426728259928,0.3471408401110025,2.4710742865800324,0.4402616602344487,1121.9436644657515,324.5295221508637,1487.9646152326723,652.6056341444043,0.018138612,0.38359672,0.99840546,-0.9911997,741.074074074074,240.85033402908215,1000,408,10,1.2480616173993622,0.4452161150944633,2.9055262002225257,-1.0502454669006347,1248.0616173993626,132.88426051932365,1470.7469620821266,1046.069064857841,-0.0026761277,0.5488524,1.0,-0.9999307,1000.0,0.0,1000,1000,1121.9436644657515,306,310000,310,165.50523675698787,15.616705692998949,11.82322743799159,192.9451698879784,5979.378254894931,30
0.048795782,0.9921875,0.0011833626,4.0,-5.7446394,3.1083424,-0.6465603,-10.000046,2.0,15.184909,21.43684,-0.21847019,1094.2932,-1094.1321,496.74973,-501.51672,-1742.8807,-1092.706,495.50458,-502.66727,-1742.2305,0.3674840730494409,0.0,0.3674840730494409,0.3674840730494409,2.7816715,2.0667613,9.814143,-3.8737352,0.15246262,0.89713573,3.003818,-2.7833197,-1.0515469,0.40153572,0.39649868,-2.9068613,1.2763832144021707,0.4037498758832229,2.647773986791442,-0.09699754400311492,923.3720853903703,333.17076050380393,1271.1035876453714,407.4810156152978,0.102992244,0.39611745,0.9986291,-0.99364924,723.4285714285714,306.7994259367218,1000,276,10,1.1848669636370261,0.5396628162694252,3.1722932046675907,-0.765561371553867,1184.8669636370257,134.7271178180427,1473.5484712320074,964.9434076388305,-0.026502086,0.535261,1.0,-0.99996674,1000.0,0.0,1000,1000,923.3720853903703,316,320000,320,165.9732938849993,15.495466391002992,11.794683144988085,193.26344342099037,6172.834646689924,31
0.045397155,0.9941406,0.004767811,4.0,-5.6207714,3.1055467,-0.6566393,-10.000046,2.0,62.36096,40.084106,-0.1536169,1178.7164,-1185.9175,492.1703,-545.5754,-1802.3467,-1179.7578,491.5239,-541.44977,-1789.7991,0.5326071405617495,0.0,0.5326071405617495,0.5326071405617495,2.7560601,1.9119745,8.0742035,-1.7642133,-0.13316639,0.96849096,2.9239657,-2.9253442,-0.92302155,0.35496327,-0.061697066,-2.513134,1.6445460991732739,0.47474953649065993,3.831488581531336,0.4294467496449823,966.4292619370257,448.4810294873079,1534.5069822737566,359.96827629887616,0.042489167,0.41955596,0.9989961,-0.9960558,587.6571428571428,333.462351086051,1000,197,10,1.3354209463567095,0.5188685071439076,4.121391465259203,-0.9364041910728036,1335.42094635671,162.46205899270475,1641.8130185001849,1122.9259016486544,-0.014027157,0.4699886,0.99834645,-0.9998049,1000.0,0.0,1000,1000,966.4292619370257,326,330000,330,183.15736102899973,15.688765863997105,12.156381794004119,211.00250868700095,6384.7093128909255,32
0.060263623,0.984375,0.0047856914,4.0,-5.0082498,2.8737235,-0.96301216,-10.000046,2.0,58.289993,60.292313,-0.10393949,1079.0583,-1080.8171,466.90225,-566.7557,-1918.1113,-1081.468,467.1679,-566.8804,-1919.5995,0.5849155452095206,0.0,0.5849155452095206,0.5849155452095206,2.8061116,1.8375083,8.003214,-1.9345661,-0.20333636,0.9588472,2.5915017,-3.2130313,-0.9120224,0.3336563,-0.16826499,-2.2343926,1.7718097089836045,0.3978443191460023,2.9545727142494482,0.9503938255025554,624.640633368869,62.445868498912446,706.7239059881034,522.7327081054872,0.09243065,0.42841554,0.990727,-0.9982513,352.5438596491228,30.39510012187652,392,299,10,1.279383996093065,0.653310710888736,4.225914976069528,-1.6456538083354182,1279.383996093065,228.77915493974294,1592.159734889122,922.4342548206055,0.07167842,0.5550361,1.0,-1.0,1000.0,0.0,1000,1000,624.640633368869,336,340000,340,169.32126276999043,16.564926099999866,11.833177217995399,197.7193660879857,6581.373653288923,33
0.064924724,0.9902344,0.0014282414,4.0,-6.021332,3.3525057,-0.43104216,-10.000046,2.0,110.38962,78.65259,-0.029239107,942.91504,-934.62115,416.5353,-487.46164,-2040.1985,-934.36786,415.24792,-502.4188,-2038.6831,0.8145327275015691,0.0,0.8145327275015691,0.8145327275015691,2.857376,2.008665,11.700833,-2.7574568,0.23097605,1.0983003,3.3207905,-2.568974,-0.7239132,0.28337398,0.14263129,-1.6621336,2.276409460183287,0.436464404538417,4.055617164969384,1.0112293161930637,2035.4069803769264,404.94705123850986,2379.7196174675746,1063.552717101684,0.06189115,0.44901222,0.99905986,-0.9978069,894.1304347826087,170.91958555384437,1000,488,10,1.440482543435582,0.8014719291294002,5.265183780104712,-2.8891350153736433,1440.4825434355823,206.13791704561024,1946.6723789971861,1215.741923897634,0.15741426,0.5772044,1.0,-0.9999716,1000.0,0.0,1000,1000,2035.4069803769264,346,350000,350,167.12796902999253,15.509878850003588,11.600452290993417,194.23830017098953,6776.071117064908,34
0.064090535,0.9921875,0.006524273,4.0,-5.3418083,3.6238263,-0.37061095,-10.000046,2.0,123.82196,95.27548,-0.11733634,1061.4685,-1066.0916,473.23834,-443.02646,-2368.809,-1067.1094,472.8662,-454.57718,-2370.9236,0.704198601112711,0.0,0.704198601112711,0.704198601112711,2.664918,2.0808873,9.836723,-2.2047327,0.19403525,1.0378581,2.974261,-3.3021245,-0.77208805,0.30026364,0.13918328,-2.0168052,1.9492217761551358,0.48696689493839057,5.045812633278858,1.0073617277503264,1773.791816301173,201.8071494387934,2029.8449778259333,1284.7560462516358,0.02594023,0.4140466,0.9999513,-0.9991537,910.0,153.58474119284352,1000,571,10,1.8615371039950268,0.7403518040524176,5.290290244709515,-1.356193798356313,1861.5371039950267,423.9438542109059,2638.2647684126796,1274.2777479843382,0.023337098,0.55287534,0.9998586,-0.9999953,1000.0,0.0,1000,1000,1773.791816301173,356,360000,360,166.0983470119827,15.961445738001203,11.055825248004112,193.115617997988,6969.007339551892,35
0.086515345,0.9902344,0.029595328,4.0,-3.4908812,2.3619564,-0.16366601,-10.000046,2.0,111.11776,92.98593,-0.00926731,997.3165,-996.94653,473.38943,-451.58386,-2288.1423,-996.44226,473.3129,-453.30075,-2271.0886,0.8120702858019836,0.0,0.8120702858019836,0.8120702858019836,2.9554543,2.0804195,11.198617,-4.8181624,0.001530466,1.0640628,3.1616156,-3.250414,-0.8517926,0.29147127,-0.21287876,-1.7846375,2.124551582285254,0.40450900425738406,4.690948934104945,1.0096539752336673,1354.0032802851706,412.1655836779931,2094.1857013541603,994.3049362573267,0.11186783,0.45434615,0.9978544,-0.9997924,637.3125,194.8310866975545,1000,475,10,1.9778546467139286,0.6539949499265706,4.976577104062247,-0.47488782555076053,1977.8546467139283,316.90392674028675,2475.7150029246222,1437.5460108382147,0.07743049,0.57414806,0.9999862,-0.9996868,1000.0,0.0,1000,1000,1354.0032802851706,366,370000,370,166.10010496900213,15.790393151000899,10.92697351599054,192.81747163599357,7162.206638754884,36
0.1007829,0.9863281,0.005994916,4.0,-4.1930947,3.068549,-0.49916726,-10.000046,2.0,426.43945,76.7469,0.04103735,800.455,-775.16644,330.6827,-481.51382,-1638.6326,-784.0239,347.22647,-468.51807,-1650.6741,0.731915261835683,0.0,0.731915261835683,0.731915261835683,3.1313868,1.8856851,10.798999,-0.75014925,0.11328626,1.0243636,3.012846,-3.1575167,-0.9429712,0.25277042,-0.10967976,-1.7791574,2.3892474300665913,0.5707939904182935,4.223839449898039,0.9895241995609432,719.092155631236,149.74548675173625,1201.6356096898699,580.2914628334003,0.06847844,0.47271895,0.9984455,-0.99984086,300.97014925373134,57.93381971820865,502,250,10,1.910431066687981,0.9817537965352918,4.789144431499769,-4.185468949020835,1910.4310666879792,445.9549737279761,2448.084183419684,1103.2197961725012,-0.0003582723,0.54792136,0.9999925,-0.99996436,1000.0,0.0,1000,1000,719.092155631236,376,380000,380,165.99537877500552,16.173501973004022,10.845107134009595,193.01398788201914,7355.0883588629,37
0.09769358,0.9941406,0.009805214,4.0,-5.671328,3.7516625,-0.17733884,-10.000046,2.0,59.897606,52.51798,-0.015524531,839.04895,-837.41675,335.45364,-503.74216,-1543.1241,-835.9289,334.0754,-515.5291,-1548.5547,0.6321990433517197,0.0,0.6321990433517197,0.6321990433517197,2.9661443,2.1972096,12.315583,-4.6275835,0.17941272,1.0449928,2.6223333,-4.089319,-0.9189947,0.24336563,0.02276063,-1.7468708,2.301042601855715,0.26639011237756227,2.995756528713491,1.0076945701670683,2301.042601855714,4.250926038873501,2310.390301299153,2294.6275808497653,0.005034137,0.41869786,0.9984533,-0.99493366,1000.0,0.0,1000,1000,10,1.5549156841130138,0.8222075001664705,5.273941103110812,-2.3964324646181834,1554.915684113013,352.3615342939332,2242.728220253817,1103.2504585544532,0.11503525,0.57102257,0.99998045,-0.99998975,1000.0,0.0,1000,1000,2301.042601855714,386,390000,390,166.4286477709902,16.040679244004423,11.513476335996529,193.98280335099116,7549.063728243884,38
0.10065596,0.9980469,0.022762295,4.0,-4.491782,3.523738,-0.22560798,-10.000046,2.0,153.70653,137.19608,-0.109450236,1015.0297,-1016.20483,427.98715,-474.2737,-1592.7871,-1012.22076,425.42303,-469.08386,-1574.2886,0.572598831192603,0.0,0.572598831192603,0.572598831192603,2.8035712,2.1093864,9.161591,-3.9499931,0.03707217,1.0450739,3.3097258,-3.1387465,-0.8576166,0.28019318,-0.34110546,-1.7820313,2.1440558833123875,0.2453782607932118,2.9991688095635665,1.0086367652380155,2144.055883312388,15.591315677714432,2167.3336441274128,2108.87619171097,-0.0135477055,0.36608905,0.99910295,-0.98078525,1000.0,0.0,1000,1000,10,2.166725644691095,0.728893037249653,4.728973377474254,-4.339934935658916,2166.725644691095,233.69719500752777,2389.4119608763235,1725.3718206630033,0.045167163,0.5490308,1.0,-0.99975115,1000.0,0.0,1000,1000,2144.055883312388,396,400000,400,166.4632423249859,16.02767831899837,11.183658300011302,193.67457894399558,7742.435914616894,39
0.11080147,0.9902344,0.018071696,4.0,-3.0936809,2.3666022,-0.6251796,-10.000046,2.0,42.746544,28.657843,0.013688859,842.01404,-843.3688,387.79785,-518.1598,-2026.3158,-842.3734,387.13397,-515.15424,-2020.0695,0.7645442792355819,0.0,0.7645442792355819,0.7645442792355819,3.0509858,2.1227562,12.397515,-4.3201933,0.12385907,1.0433722,2.9658134,-3.3168294,-0.8690939,0.29316553,-0.26905137,-1.8036178,2.4323040831713127,0.32568989656594616,3.2593466882013393,1.0075150290785704,2432.304083171314,1.015418015437055,2433.8556421618687,2429.458957108814,0.017457327,0.38862026,0.98590386,-0.96456194,1000.0,0.0,1000,1000,10,2.0532334897117175,0.7831557902696078,4.7281202843731185,-1.861525735988913,2053.2334897117166,292.4554808295274,2428.0490456549824,1647.9158632828903,0.031082653,0.5459467,0.9999776,-0.9999528,1000.0,0.0,1000,1000,2432.304083171314,406,410000,410,166.78427842199744,15.734106391006208,10.909551254015241,193.4279360670189,7936.028062161902,40
0.120004885,0.99609375,0.002647885,4.0,-3.007718,2.4519043,-0.6053575,-10.000046,2.0,46.56657,50.05893,-0.024498489,732.40186,-729.2719,318.85477,-542.2365,-2234.8909,-728.7731,318.1725,-537.54517,-2229.4202,0.6493686270434175,0.0,0.6493686270434175,0.6493686270434175,2.9432483,2.1097689,13.004931,-2.9497242,0.11446931,1.0004824,3.8639278,-2.6536298,-1.0212393,0.30410329,0.10879505,-1.6979665,2.284311059700025,0.41021901475655315,3.1175999023925747,1.0078490235801296,532.5100944751871,2.310518448554591,536.9738121567701,527.5366832615115,0.031237649,0.42294168,0.9880045,-0.9952611,233.11627906976744,1.061138097353473,235,231,10,2.354680750429147,0.4657365552821601,5.788473997612756,0.4250594515859228,2354.680750429148,189.30593127237825,2573.0394346711587,1834.1989496611118,0.03845322,0.5306502,0.99999964,-0.9999988,1000.0,0.0,1000,1000,532.5100944751871,416,420000,420,165.1556854320006,15.890619304998836,10.463123253008234,191.50942799000768,8127.259153545914,41
0.124740094,1.0,0.0068165176,4.0,-3.5611362,2.9525313,-0.67930746,-10.000046,2.0,41.335358,35.345016,-0.0054016635,752.5635,-744.4978,306.2305,-545.118,-1772.6187,-746.4138,306.35825,-551.97974,-1789.3917,0.5637833658504601,0.0,0.5637833658504601,0.5637833658504601,2.9905753,2.3833861,11.585098,-3.9036531,-0.08048854,0.9774064,3.3012278,-3.4312944,-1.022509,0.28039548,-0.17751324,-1.9714823,2.786742057164349,0.7367829836965621,5.213908031683315,1.006477708704868,916.1528723667847,92.74012266015126,1171.8986319989015,785.0745197213215,0.015207293,0.45339784,0.99723434,-0.99595445,328.75409836065575,30.998495858646464,409,286,10,2.0203376359264853,1.1002141035034956,5.776772012123826,-3.068382957421263,2020.3376359264844,325.7668454457652,2603.270233280886,1521.6005140765744,-0.034958318,0.5660745,0.99999934,-0.9999998,1000.0,0.0,1000,1000,916.1528723667847,426,430000,430,165.862110043985,15.621607052002219,10.956891763016756,192.440608859004,8319.553055238917,42
0.13870889,0.9921875,0.0022870274,4.0,-4.8505898,3.4559143,-0.4694339,-10.000046,2.0,47.85519,47.092045,0.009290673,767.5256,-764.55365,333.34073,-487.16434,-1810.3011,-764.25635,332.47595,-495.8595,-1807.3192,0.549625445644707,0.0,0.549625445644707,0.549625445644707,3.0155225,2.014258,11.086292,-3.051477,-0.117411435,0.99976766,3.2083693,-3.303206,-0.96818084,0.25821546,-0.10119951,-1.7387409,2.4796991658154006,0.4541139925982682,5.405585065714046,0.9977031100251846,2030.77442883618,393.3230726509908,2570.768797814663,1191.1403551957026,0.008909366,0.4091609,0.9976873,-0.9996815,818.96,167.05507594802378,1000,476,10,1.9564592126197946,1.13840309321906,4.9755567387037205,-4.047516575674588,1956.4592126197942,367.1066229789076,2427.563668763014,1348.7492617228236,0.048103373,0.56246465,0.9999836,-0.99995506,1000.0,0.0,1000,1000,2030.77442883618,436,440000,440,165.74348581800587,15.479157565998321,11.582664122994174,192.80530750699836,8512.718894715908,43
0.14131442,0.9921875,0.008486487,4.0,-4.236861,3.2916386,-0.39357933,-9.953839,2.0,95.93585,139.32611,0.058929335,906.2249,-895.0072,358.3309,-479.2533,-1643.005,-893.20374,356.52792,-481.1384,-1629.0986,0.7130611000572639,0.0,0.7130611000572639,0.7130611000572639,3.1740603,1.9615437,8.404471,-1.3945932,-0.14351551,1.0016004,3.3061988,-3.1591892,-0.93405414,0.30299568,-0.08805752,-1.883321,2.317336068302741,0.5150431975174612,5.325521746333511,0.9403830564273937,1466.592842015235,718.500873054167,2259.647171487734,477.0358434975213,0.037480224,0.4053467,0.9988103,-0.9988453,632.8787878787879,341.608828001016,1000,216,10,2.1299624917795437,0.9823364298834542,5.183539869300839,-1.092850479446086,2129.9624917795436,258.70319004557126,2558.240876435839,1692.0244973787976,0.013926573,0.5329308,0.9995522,-0.9999511,1000.0,0.0,1000,1000,1466.592842015235,446,450000,450,166.19093383498694,15.841594880999764,11.567915486994025,193.60044420298073,8706.566245666887,44
0.15639846,0.9785156,0.0026814295,4.0,-2.9257138,2.457895,-0.34888348,-9.771453,2.0,60.503784,73.36414,-0.0142748915,883.00824,-884.4702,371.44232,-461.0653,-1540.5261,-886.7309,372.78723,-452.37033,-1545.6165,0.7795743494670718,0.0,0.7795743494670718,0.7795743494670718,2.9426398,1.8436737,7.644268,-2.3551323,0.07386339,1.0030975,2.4693458,-2.979592,-0.89631194,0.32206792,-0.087052464,-1.7106153,2.2828498980161815,0.3152520855136758,3.1433503674130825,1.0026666123848882,2282.8498980161817,7.076218707190418,2298.278291374236,2269.4568552548963,0.0009779249,0.37798184,0.9859211,-0.97451544,1000.0,0.0,1000,1000,10,2.2989921601004033,0.6955060329789772,4.689060573679904,-1.987070956183984,2298.992160100404,144.6000484998289,2467.8560903694424,2000.1282591398383,0.02229105,0.5227902,0.9996867,-0.99995965,1000.0,0.0,1000,1000,2282.8498980161817,456,460000,460,166.12043167201045,16.092365461001464,11.59406022499752,193.80685735800944,8899.631761393888,45
0.15909392,0.9824219,0.0030811226,4.0,-2.2306848,1.3932122,-0.6229737,-9.368589,2.0,35.943214,37.578743,-0.111643225,718.1618,-718.21466,311.47018,-484.44742,-1666.8013,-717.12274,311.81918,-489.27527,-1658.2896,0.6517366457314766,0.0,0.6517366457314766,0.6517366457314766,2.7388978,2.0007706,11.997578,-4.7159824,0.011789195,0.9145196,3.3549705,-2.822693,-1.0402298,0.28080142,-0.01666534,-1.9173639,2.4953285638687213,0.31751896699263754,3.1694322195958566,1.0051443640948656,2495.3285638687216,8.301041620866442,2511.9731973420503,2477.9951217016783,-0.0034286682,0.40704423,0.9862858,-0.9947093,1000.0,0.0,1000,1000,10,2.4308554007286634,0.3261045652859697,3.7978168790982494,0.9945809822116438,2430.855400728663,88.95075986175095,2642.614542041599,2322.672845498577,0.011464551,0.5029665,0.99955964,-0.99989086,1000.0,0.0,1000,1000,2495.3285638687216,466,470000,470,166.5535196810015,15.35092685699783,11.523420034012815,193.42786657201214,9093.200524961896,46
0.16194504,0.98828125,0.0026898857,4.0,-2.108358,1.4307944,-0.52401435,-9.976502,2.0,9.74153,8.484335,-0.08584891,579.265,-576.7312,130.31935,-465.66275,-1242.3864,-578.37427,130.90944,-471.52106,-1244.0636,0.41837138708330646,0.0,0.41837138708330646,0.41837138708330646,2.9014657,1.7664609,9.144655,-3.3223627,-0.05921726,0.8547073,2.7841263,-2.7871757,-1.1662765,0.28140613,-0.23550081,-2.144253,2.7241345212497157,0.34284093434844304,3.4878827764105265,0.993118162073955,2724.134521249716,27.189562334943137,2756.6821574297664,2655.9588575662665,-0.019758813,0.40670997,0.98878056,-0.9930888,1000.0,0.0,1000,1000,10,2.5112441232551586,0.523795909878773,4.3816154687705176,-1.5555686109367146,2511.2441232551582,271.5097188132742,2756.039704036764,1731.2448107891028,-0.01969058,0.5078449,0.999749,-0.9997984,1000.0,0.0,1000,1000,2724.134521249716,476,480000,480,166.15653549899434,15.483614135002426,11.540411058005702,193.18056069200247,9286.542371482894,47
0.18370321,0.99609375,0.0028780296,4.0,-1.9015102,1.2346916,-0.45144045,-9.47975,2.0,7.8725185,6.8535094,0.04707794,530.0453,-530.6395,86.87178,-455.98645,-1075.2976,-528.4221,86.17477,-455.54285,-1069.211,0.3202921658577317,0.0,0.3202921658577317,0.3202921658577317,3.0413475,1.8869612,8.469722,-2.8519893,0.12135279,0.87529355,2.5029197,-3.1236756,-1.1958323,0.28008342,-0.33364105,-2.0386126,2.966105586423175,0.4057740490849665,3.7130182444188695,0.9937018635646736,2966.1055864231753,6.166115931096072,2978.3019040148993,2954.442188027703,-0.05378117,0.38410407,0.9795156,-0.99791557,1000.0,0.0,1000,1000,10,2.8206956669452485,0.36636093226855326,3.7956428671344344,0.9595642130439805,2820.6956669452493,67.33182423476997,2936.7342457103973,2714.2867028883784,-0.027137777,0.47116315,0.9963255,-0.99952674,1000.0,0.0,1000,1000,2966.1055864231753,486,490000,490,166.3606138839823,15.646602025997709,11.501535209004942,193.50875111898495,9479.87420679487,48
0.23023075,0.9941406,0.0031121294,4.0,-2.9143863,2.8386946,-0.54080737,-9.789258,2.0,8.923067,147.74506,0.22598861,501.84085,-498.56766,124.39727,-400.6792,-1420.9355,-496.5117,117.53468,-416.51422,-1183.9062,0.2508562821717071,0.0,0.2508562821717071,0.2508562821717071,3.1633801,1.8352627,11.026531,-1.499687,-0.0846608,0.79656464,2.7501423,-3.2661097,-1.3150961,0.30874473,0.102683425,-2.2091155,2.0827271814619204,0.49928202708546915,4.491297091360905,0.9502779436346653,272.63307183215255,36.12263567789384,590.0955900471436,264.9862418228547,0.036166687,0.37470594,0.99952704,-0.99992347,130.90196078431373,10.037683706639722,219,129,10,2.1489821931699815,1.1915933659438906,5.7263017726964955,-1.468900995742803,2148.9821931699803,527.5408919559326,2903.5151384256,1590.6236709311584,-0.05143879,0.53028876,0.999992,-1.0,1000.0,0.0,1000,1000,272.63307183215255,496,500000,500,166.00186334500177,15.46894866200455,11.6074259839952,193.07823799100152,9673.149765634866,49
0.22149119,0.9902344,0.004197899,4.0,-4.553661,3.543492,-0.46450287,-10.000046,2.0,12.893139,10.087836,-0.05474645,656.1861,-653.58704,303.5899,-403.9091,-1434.4563,-655.577,304.31082,-411.8397,-1442.6267,0.39167576831780954,0.0,0.39167576831780954,0.39167576831780954,2.9415872,1.9299669,10.692781,-3.5858228,-0.120524436,0.9397906,2.5788815,-3.1397579,-1.0302502,0.30669597,-0.16281843,-1.9056988,2.6212122727184957,0.6742371943860358,5.356609099653066,1.0069501265461627,921.3561138605514,102.65362530366704,1272.7585363933829,834.065031613634,0.0029020056,0.39946494,0.9915158,-0.9997155,351.5,26.42572544921409,450,329,10,1.9638471191057616,1.0466464043786503,5.73563362503699,-1.9493521657463027,1963.8471191057615,496.22481173515104,2584.9803971799574,1093.8549003884639,-0.026969478,0.51980436,0.99983644,-0.9999851,1000.0,0.0,1000,1000,921.3561138605514,506,510000,510,167.1617419180111,15.67357372299739,11.797405933022674,194.63272157403117,9868.070253840895,50
0.17579928,0.9785156,0.0033338026,4.0,-3.4932911,3.015179,-0.75533265,-9.50392,2.0,35.131783,21.650885,-0.08352932,849.66113,-848.7731,384.75494,-375.98187,-1509.4221,-847.5692,383.49124,-380.22467,-1505.0443,0.6081559351940298,0.0,0.6081559351940298,0.6081559351940298,2.831949,2.0132704,12.140967,-3.4642606,-0.021499297,1.0146924,2.4970942,-4.430123,-0.84763837,0.25787085,-0.2854653,-1.698061,2.5316915250471923,0.33422781819487385,3.3963045750219707,0.8918636348432679,2531.691525047193,7.015677231460701,2545.120465781233,2522.2280428491445,0.037993655,0.4204647,0.9893754,-0.9843829,1000.0,0.0,1000,1000,10,2.4678540199547983,0.6427359117172893,4.238008553072705,-1.0476709906128476,2467.8540199547992,511.92399601108485,2783.136565945965,960.4241321505693,0.009582544,0.5099435,0.9962929,-0.9991463,1000.0,0.0,1000,1000,2531.691525047193,516,520000,520,166.27560603899474,15.96252619799634,11.74753718899592,193.985669425987,10063.027751997884,51
0.1994068,0.9980469,0.003593836,4.0,-2.1,1.5627698,-0.716116,-8.771763,2.0,10.807761,8.92492,-0.16401258,621.4065,-622.3285,316.05685,-395.12335,-1328.3735,-621.3845,315.09366,-397.30283,-1326.3387,0.465319612913385,0.0,0.465319612913385,0.465319612913385,2.7854748,1.5675033,6.6437974,-2.9516842,-0.017669475,0.83635664,2.839409,-2.6198976,-1.1178397,0.31281474,-0.24306232,-2.0292645,2.8406989652957297,0.35207642400025646,4.299132158962726,0.8489202965581542,2835.8291956409366,27.031848609829424,2877.9098455761687,2771.819114887637,-0.017623004,0.41132528,0.97917426,-0.9987488,998.2857142857143,7.666518779999278,1000,964,10,2.6790370721384886,0.4917283180026402,5.250932714341859,-0.06887942733806658,2679.0370721384884,94.78642365087374,2824.790866690865,2462.955316584714,0.0032422272,0.47799107,0.9992345,-0.99985164,1000.0,0.0,1000,1000,2835.8291956409366,526,530000,530,203.44992435499444,16.945275361998938,12.872819722018903,233.26801943901228,10297.098752076905,52
0.22344452,0.99609375,0.00403302,4.0,-1.8555899,1.3955635,-0.8034927,-8.938758,2.0,13.827005,64.00784,-0.06087243,506.76022,-503.65796,180.32484,-393.3752,-1609.4551,-502.1643,174.49911,-398.14243,-1579.5679,0.42420107801366397,0.0,0.42420107801366397,0.42420107801366397,2.929,1.7211326,9.020065,-5.898828,0.08017666,0.7222561,2.542927,-2.280862,-1.3148052,0.3194211,-0.2946961,-2.1789205,2.8253535591046153,0.4112161690671984,3.9811746885368597,0.8646424356849992,2825.3535591046157,8.29633140128736,2840.059281052369,2804.194198156352,-0.0066705896,0.39355066,0.99291515,-0.9920196,1000.0,0.0,1000,1000,10,2.732405899958172,0.599527688857938,5.0090804125033035,0.1494584880854951,2732.4058999581716,279.2168910231729,2902.4067358201264,1902.856218586755,-0.017146396,0.46873638,0.99872375,-0.9999179,1000.0,0.0,1000,1000,2825.3535591046157,536,540000,540,182.90682188201026,17.746503440001106,12.024509834998753,212.67783515701012,10508.800562809905,53
0.2286941,0.9980469,0.0039468464,4.0,-2.0576768,1.8571584,-0.5588058,-8.958315,2.0,9.207965,3.9501204,-0.15921979,481.60315,-485.49988,156.44438,-416.84216,-1476.499,-483.11987,156.4429,-416.13107,-1467.189,0.3176802428296245,0.0,0.3176802428296245,0.3176802428296245,2.8611124,1.6800734,9.528233,-3.3310425,0.083304,0.7582166,2.644034,-2.3669715,-1.2655574,0.33228314,-0.37504548,-2.491664,2.913466899187367,0.40870125241939337,3.906082708623062,0.9084940769438384,2913.4668991873664,23.148474258511317,2980.061840807569,2866.774805002154,0.019294916,0.44210795,0.98325694,-0.9988091,1000.0,0.0,1000,1000,10,2.7069646773977567,0.7311780610438707,5.975159497800653,0.135648600773961,2706.9646773977574,449.44045571284386,2968.581741710227,1388.4841247475874,0.0025001068,0.4986564,0.99994344,-0.9999978,1000.0,0.0,1000,1000,2913.4668991873664,546,550000,550,183.33354938599223,16.772851091998746,11.965831209978205,212.07223168796918,10720.936449066889,54
0.25809854,0.984375,0.0037047765,4.0,-2.2624943,2.1257925,-0.57831824,-8.74021,2.0,5.3562884,5.091569,-0.109284386,503.52618,-504.646,223.30772,-399.3611,-1384.6423,-504.4698,224.72754,-400.9044,-1386.4832,0.3122723615288296,0.0,0.3122723615288296,0.3122723615288296,2.9060948,1.7031356,7.410139,-3.4932477,0.032378662,0.8016052,2.2781568,-2.9202032,-1.2233921,0.32434878,-0.33206588,-2.1085396,2.8936697008392245,0.43499628339415763,4.583747231623494,0.9244049987413897,2723.8639015763397,390.2179312136198,2990.255553281174,1688.584885107815,-0.038821805,0.38632768,0.9848583,-0.999789,941.3181818181819,147.9838401385393,1000,551,10,2.6820623513153032,0.8106269639672745,5.347787756399887,-0.20445544627457204,2682.062351315303,380.39551374548904,2993.7897595284235,1860.4738533410673,-0.0006924515,0.5095752,0.9998051,-0.9999758,1000.0,0.0,1000,1000,2723.8639015763397,556,560000,560,184.7569194079988,16.836841650998394,12.5158106359886,214.1095716949858,10935.267285428876,55
0.26014763,0.984375,0.002846321,4.0,-2.2624502,2.148687,-0.56598175,-9.239748,2.0,12.851787,7.3496304,-0.14078398,597.50806,-596.6538,321.83307,-400.19522,-1413.977,-596.9426,321.70172,-404.80603,-1408.2295,0.3822167989223174,0.0,0.3822167989223174,0.3822167989223174,2.8535619,1.6750575,8.356598,-3.6757545,-0.07226652,0.82379854,2.258744,-2.759888,-1.1841301,0.32104644,-0.31339455,-2.1423023,2.8400358482190375,0.4120281679577672,3.6941021271010013,0.9352257642047376,2840.0358482190372,7.191030267612348,2854.0178759123974,2827.4070696950857,0.043125227,0.429709,0.9815115,-0.97842515,1000.0,0.0,1000,1000,10,2.747910396362946,0.7602722809786131,5.517460058189126,0.19943982975791735,2747.910396362946,439.87552737918,3010.3282022860776,1445.8060663143747,-0.025595801,0.5048813,0.9996373,-0.9998772,1000.0,0.0,1000,1000,2840.0358482190372,566,570000,570,187.58349182398524,17.060268168999755,12.917510825005593,217.5612708179906,11152.971191681856,56
0.2872635,0.9667969,0.0036998056,4.0,-1.7045505,1.362218,-0.48436868,-8.45814,2.0,8.437225,9.173798,0.14324118,584.8924,-579.9657,317.4316,-391.07526,-1486.3918,-579.16486,317.15677,-390.21133,-1496.7996,0.3672447655594028,0.0,0.3672447655594028,0.3672447655594028,3.1429455,1.9773351,10.014287,-2.8475184,-0.13663901,0.9126868,3.289562,-3.074171,-1.1221365,0.30883002,-0.2400288,-1.9170227,2.902762638615303,0.39156136893262533,3.8200865836022313,0.9362258183664206,2902.7626386153033,39.769131446470915,2957.3090359247303,2782.302715008507,-0.0089127775,0.41066095,0.9927861,-0.99712425,1000.0,0.0,1000,1000,10,2.857179041362393,0.5577892306139719,4.892939388306391,-1.4881885926430753,2857.179041362393,136.90927314351885,2984.5896075977926,2491.3009575871106,-0.011706533,0.5129647,0.9999999,-0.9999881,1000.0,0.0,1000,1000,2902.7626386153033,576,580000,580,185.85358691500733,17.204432791993895,12.628202571002475,215.6862222780037,11368.563715345874,57
0.28266174,0.98828125,0.0032297226,4.0,-1.9188867,1.9028199,-0.70351857,-9.643225,2.0,3.8150382,8.591928,-0.20396483,442.5817,-439.47714,124.422935,-384.7581,-1581.5173,-437.5152,123.94579,-385.69864,-1572.7742,0.31979809200905807,0.0,0.31979809200905807,0.31979809200905807,2.821044,1.6774632,9.598886,-3.040844,0.060804218,0.7828266,2.2862642,-3.331599,-1.2095816,0.27701625,-0.4113078,-2.0299916,2.9595977684856076,0.5132092204352635,4.775313657104875,0.9502033835687325,1977.7018821610322,899.7663307541824,2985.189699570495,1029.5608488771852,-0.010303002,0.43327633,0.98138106,-0.9993831,668.2333333333333,301.72356921894954,1000,359,10,2.854870531342447,0.7016181963054426,5.8442094409875835,0.0064778908278524915,2854.870531342447,275.63625918760994,3065.2794715003274,2253.560446160608,-0.01813041,0.5241622,0.99987364,-0.9998057,1000.0,0.0,1000,1000,1977.7018821610322,586,590000,590,177.07846875401447,17.112403100996744,12.319564568992064,206.51043642400327,11573.596491010881,58
0.28562284,0.9902344,0.003935247,4.0,-1.8531204,1.663341,-0.7200519,-8.733909,2.0,7.742359,4.202096,-0.02353257,478.98892,-480.24814,206.0688,-372.71823,-1280.2103,-478.89764,206.63925,-371.91235,-1280.5922,0.3047778879922377,0.0,0.3047778879922377,0.3047778879922377,2.980194,1.6315511,9.224171,-2.2663713,0.011121766,0.8310313,2.1477334,-2.6967022,-1.2245291,0.31507045,-0.44151855,-2.171516,2.9231955487277457,0.4192771413316663,3.918764352858682,0.9844313353142191,2923.195548727746,15.339736430857105,2950.097453153228,2896.80839929151,-0.009144497,0.43366185,0.9812422,-0.9966581,1000.0,0.0,1000,1000,10,2.8106204052355217,0.7409079003754218,4.392420765729526,-1.0338597761153019,2810.620405235522,559.7532973920414,3046.396763776757,1135.6276976642046,-0.029791221,0.51792395,0.9999523,-0.99999565,1000.0,0.0,1000,1000,2923.195548727746,596,600000,600,165.49647343300603,15.634884338003758,11.743150853995758,192.87450862500555,11766.43841485589,59
0.30585158,0.99609375,0.0034815369,4.0,-1.8587894,1.6943597,-0.5882507,-7.9219174,2.0,4.745096,3.4281337,0.06902376,460.2172,-461.27155,171.65584,-376.3549,-1127.1196,-460.2544,171.46269,-372.43277,-1127.0056,0.28430646353930344,0.0,0.28430646353930344,0.28430646353930344,3.0548775,1.6660529,7.3714094,-2.1790931,-0.06846247,0.81229293,2.5418828,-3.0223253,-1.2417628,0.2877671,-0.44772702,-2.0391726,3.073498341994715,0.4208845769973748,3.90598120257286,0.9633322397364026,3073.4983419947157,4.235578566499386,3081.601772114685,3062.96923783376,0.01204759,0.4441679,0.98505336,-0.97690076,1000.0,0.0,1000,1000,10,2.9826680253951663,0.5942876925154005,5.014184801095747,-0.7829944750241697,2982.6680253951663,181.3319603112867,3063.610245172793,2441.3130843881063,-0.020052869,0.49605355,0.99827,-0.99991155,1000.0,0.0,1000,1000,3073.4983419947157,606,610000,610,167.86250806500902,15.605667868003366,11.784607755012985,195.25278368802537,11962.055775228917,60
